"Hourly Site Air Quality Index - AQI ";;;;;;;;;;;;;;;;;;;;;;;;;;;;;;;;;;;;;;;;;;;;;;
"Initial Data";;;;;;;;;;;;;;;;;;;;;;;;;;;;;;;;"MAISON DIEU PM10 hourly goal index";;;;;;;;;;;;;;
"Date";"Time";"RANDWICK AQI hourly AQI [index]";"ROZELLE AQI hourly AQI [index]";"LINDFIELD AQI hourly AQI [index]";"LIVERPOOL AQI hourly AQI [index]";"BRINGELLY AQI hourly AQI [index]";"CHULLORA AQI hourly AQI [index]";"EARLWOOD AQI hourly AQI [index]";"Wyong AQI hourly AQI [index]";"WALLSEND AQI hourly AQI [index]";"CARRINGTON AQI hourly AQI [index]";"STOCKTON AQI hourly AQI [index]";"NEWCASTLE AQI hourly AQI [index]";"MAYFIELD AQI hourly AQI [index]";"BERESFIELD AQI hourly AQI [index]";"TAMWORTH AQI hourly AQI [index]";"WOLLONGONG AQI hourly AQI [index]";"KEMBLA GRANGE AQI hourly AQI [index]";"RICHMOND AQI hourly AQI [index]";"BARGO AQI hourly AQI [index]";"ALBURY AQI hourly AQI [index]";"WAGGA WAGGA AQI hourly AQI [index]";"ST MARYS AQI hourly AQI [index]";"VINEYARD AQI hourly AQI [index]";"BATHURST AQI hourly AQI [index]";"MACARTHUR AQI hourly AQI [index]";"OAKDALE AQI hourly AQI [index]";"ALBION PARK STH AQI hourly AQI [index]";"PROSPECT AQI hourly AQI [index]";"MUSWELLBROOK AQI hourly AQI [index]";"SINGLETON AQI hourly AQI [index]";"MAISON DIEU AQI hourly AQI [index]";"CAMBERWELL AQI hourly AQI [index]";"SINGLETON NW AQI hourly AQI [index]";"MOUNT THORLEY AQI hourly AQI [index]";"BULGA AQI hourly AQI [index]";"WAGGA WAGGA NTH AQI hourly AQI [index]";"MUSWELLBROOK NW AQI hourly AQI [index]";"WYBONG AQI hourly AQI [index]";"ABERDEEN AQI hourly AQI [index]";"SINGLETON SOUTH AQI hourly AQI [index]";"JERRYS PLAINS AQI hourly AQI [index]";"WARKWORTH AQI hourly AQI [index]";"MERRIWA AQI hourly AQI [index]";"CAMPBELLTOWN WEST AQI hourly AQI [index]";"CAMDEN AQI hourly AQI [index]"
01/02/2017;01:00;72;85;75;75;59;65;72;55;63;85;102;75;83;74;32;81;69;60;44;38;;57;;42;;41;52;63;48;86;91;104;89;82;40;101;47;46;52;86;54;79;35;55;50
01/02/2017;02:00;69;82;73;73;57;63;70;55;63;82;100;73;85;75;32;78;68;60;42;38;;56;;44;;40;49;63;50;84;90;98;85;77;40;101;50;48;53;84;55;77;36;54;47
01/02/2017;03:00;65;80;69;72;54;62;69;54;61;77;95;69;85;74;32;73;66;61;41;39;;54;;44;;39;47;62;52;82;87;91;80;73;39;102;51;50;55;82;54;75;38;52;45
01/02/2017;04:00;64;78;66;69;52;60;67;52;60;74;90;68;84;73;32;70;63;60;40;39;;52;;43;;39;45;57;53;78;85;83;74;69;38;102;53;51;56;79;53;72;39;50;43
01/02/2017;05:00;64;76;64;66;49;58;65;52;59;72;86;69;83;72;32;66;61;59;40;38;;50;;42;;38;44;54;52;74;80;78;67;64;37;99;52;50;55;75;52;67;39;48;41
01/02/2017;06:00;65;74;61;63;47;55;63;51;58;69;83;68;81;69;32;65;55;58;35;37;;48;;43;;37;42;51;51;69;73;76;62;59;36;90;50;50;54;71;51;64;38;46;40
01/02/2017;07:00;65;72;59;60;44;53;60;51;56;66;80;69;78;66;33;62;50;55;35;38;;46;;43;;37;40;51;50;65;69;73;58;56;35;75;49;49;52;66;50;62;38;44;38
01/02/2017;08:00;66;73;58;55;42;52;60;51;55;63;76;68;76;64;33;60;42;55;34;39;;45;;43;;37;37;51;49;60;65;71;54;53;34;70;48;48;53;60;52;60;38;42;37
01/02/2017;09:00;66;74;60;51;40;51;59;51;54;62;76;66;73;62;33;57;39;55;34;40;;46;;43;;36;32;51;50;56;62;69;51;51;33;71;46;49;53;55;53;59;38;39;38
01/02/2017;10:00;65;75;61;53;43;53;59;50;52;60;75;67;71;59;34;53;36;55;33;42;;47;;43;;36;32;51;49;53;58;63;48;49;32;71;47;49;54;52;54;60;38;40;39
01/02/2017;11:00;65;78;62;53;44;54;59;49;50;57;73;66;67;56;35;46;34;55;33;43;;48;;43;;35;27;53;49;50;54;59;46;47;33;72;47;51;53;49;58;61;38;40;39
01/02/2017;12:00;51;64;59;54;47;54;53;49;49;56;74;65;65;54;35;43;32;55;33;44;;49;;43;;35;26;53;49;48;52;57;44;46;34;74;47;52;53;47;60;60;39;41;40
01/02/2017;13:00;48;59;53;47;48;47;49;48;48;55;73;65;64;51;33;43;30;55;27;45;;50;;43;;34;24;51;49;46;51;56;42;46;35;76;47;53;53;45;61;61;40;35;37
01/02/2017;14:00;45;57;50;45;42;45;47;42;47;55;73;66;65;50;32;43;29;55;24;44;;45;;42;;30;24;47;50;45;49;54;40;44;37;75;47;56;54;45;65;61;40;34;35
01/02/2017;15:00;42;57;48;43;40;43;44;38;43;52;62;52;66;50;32;43;29;45;22;46;;42;;43;;29;25;45;53;45;50;54;39;45;38;80;49;60;56;44;68;62;42;33;34
01/02/2017;16:00;41;54;45;42;39;41;41;35;43;52;63;51;66;48;33;44;29;41;23;47;;41;;44;;37;24;43;56;46;52;53;39;46;40;81;52;64;58;45;72;63;45;31;33
01/02/2017;17:00;39;53;42;40;38;38;38;33;42;51;61;49;66;48;33;43;27;40;24;49;;40;;45;;31;24;42;59;48;53;52;40;47;41;82;54;70;61;43;77;64;48;30;34
01/02/2017;18:00;37;52;40;38;36;36;37;32;42;49;59;48;64;48;33;41;25;39;27;49;;40;;47;;27;24;40;61;48;51;48;39;38;39;83;56;75;62;40;79;61;52;29;35
01/02/2017;19:00;35;51;38;37;35;35;35;31;41;48;60;48;61;47;33;40;25;39;28;48;;40;;47;;26;23;40;64;47;47;42;38;33;37;83;58;78;63;37;72;56;57;27;37
01/02/2017;20:00;33;50;37;35;35;34;33;30;41;47;60;48;59;46;33;39;24;39;26;47;;40;;47;;25;20;38;56;46;45;41;38;32;36;83;52;74;55;36;63;48;59;27;36
01/02/2017;21:00;31;48;34;33;35;32;31;29;38;45;59;46;56;44;33;38;24;39;19;45;;39;;46;;24;21;37;55;45;44;41;37;32;36;83;50;69;51;36;62;47;57;26;30
01/02/2017;22:00;30;47;32;32;38;31;30;27;37;44;58;46;54;42;33;37;25;39;19;44;;45;;45;;24;22;35;54;45;43;42;37;31;35;81;49;68;50;37;60;44;55;24;32
01/02/2017;23:00;28;46;31;36;42;29;29;26;35;42;57;45;52;40;33;36;25;37;24;43;;46;;44;;23;23;38;54;45;43;43;36;30;35;78;49;67;50;36;59;44;55;49;29
01/02/2017;24:00;29;46;31;41;45;30;30;24;34;41;56;43;50;38;33;35;25;36;31;42;;44;;40;;23;26;55;54;44;43;43;36;31;35;76;48;67;49;35;59;42;55;45;30
02/02/2017;01:00;29;46;31;46;49;30;30;23;32;38;54;41;47;36;33;35;25;44;30;41;;53;;36;;23;29;64;53;43;43;42;34;31;35;73;48;67;48;34;59;41;54;46;31
02/02/2017;02:00;30;47;31;55;41;40;31;23;32;36;53;40;45;35;34;36;26;54;19;41;;55;;33;;24;30;63;53;42;42;40;33;31;34;71;47;66;48;33;59;41;53;48;33
02/02/2017;03:00;31;48;32;67;49;41;38;24;32;37;55;41;45;35;35;36;26;54;19;40;;58;;32;;24;30;55;52;42;43;39;32;31;34;68;47;66;47;33;60;41;53;48;30
02/02/2017;04:00;30;48;32;70;51;32;32;25;33;38;59;42;46;36;35;35;27;44;19;39;;68;;30;;24;31;55;51;43;44;40;33;31;35;65;46;67;47;34;63;42;53;44;30
02/02/2017;05:00;31;47;32;44;51;41;32;25;34;39;60;43;47;37;36;36;27;39;25;39;;66;;30;;24;31;51;53;44;46;40;34;32;36;61;47;69;49;35;65;43;53;42;33
02/02/2017;06:00;40;48;33;46;41;43;38;26;36;40;62;44;47;38;36;36;26;49;22;38;;62;;29;;23;29;68;55;45;47;41;35;34;36;51;50;70;51;37;67;44;55;38;35
02/02/2017;07:00;31;47;40;39;42;32;31;27;37;41;64;47;48;39;36;37;27;56;26;37;;59;;26;;24;23;75;56;46;49;43;37;35;37;44;51;70;53;38;67;46;56;31;33
02/02/2017;08:00;31;46;34;39;43;31;29;28;38;43;66;48;49;39;37;38;28;54;27;37;;44;;26;;30;24;39;58;47;51;46;39;37;38;40;52;71;54;40;66;50;57;30;32
02/02/2017;09:00;31;44;32;38;43;31;28;27;39;43;67;47;50;40;37;39;29;41;26;35;;45;;25;;35;24;38;60;48;54;49;42;40;39;36;54;73;56;41;65;52;58;30;32
02/02/2017;10:00;32;43;32;38;43;32;28;27;38;42;66;46;51;40;37;41;30;42;26;35;;45;;22;;39;25;38;62;49;56;51;44;40;40;35;56;73;58;42;65;51;58;30;32
02/02/2017;11:00;34;43;32;37;42;33;29;28;39;44;65;47;52;40;39;44;31;42;27;35;;45;;21;;39;26;38;62;50;57;55;44;39;39;32;56;73;59;42;61;51;58;30;33
02/02/2017;12:00;36;43;33;36;41;33;30;30;40;45;66;49;53;40;41;44;33;43;29;35;;45;;21;;39;27;37;63;50;56;59;44;38;37;31;57;71;58;41;60;50;58;30;32
02/02/2017;13:00;38;45;34;37;40;32;31;32;42;47;66;50;55;42;44;45;35;43;32;34;;44;;21;;39;30;37;65;49;56;58;44;36;35;29;58;70;60;39;57;50;57;32;36
02/02/2017;14:00;41;45;36;38;39;31;32;33;43;48;66;50;55;43;46;45;37;44;28;33;;43;;20;;41;34;37;66;48;55;56;44;36;33;28;59;70;62;38;54;51;56;37;38
02/02/2017;15:00;43;44;37;39;39;33;35;35;43;46;63;50;52;42;47;45;37;46;36;32;;45;;19;;45;36;38;64;46;53;54;44;35;31;24;57;71;60;37;52;50;55;39;42
02/02/2017;16:00;45;44;38;40;41;35;37;37;41;45;62;49;50;40;47;44;37;;39;31;;45;;18;;47;37;39;62;44;53;55;45;35;31;22;55;69;59;38;50;50;54;42;43
02/02/2017;17:00;46;44;39;42;42;37;38;38;40;44;61;49;49;39;48;44;39;;38;29;;45;;16;;47;36;41;61;42;54;58;45;37;32;21;53;66;57;37;49;51;53;44;40
02/02/2017;18:00;47;44;41;44;44;38;39;38;39;44;61;49;49;38;48;44;40;;36;29;;46;;12;;45;35;43;61;42;53;60;44;38;31;22;53;65;56;38;50;51;52;45;37
02/02/2017;19:00;48;45;41;47;45;39;40;38;39;46;62;48;49;38;48;44;39;;36;29;;46;;11;;39;35;44;60;43;54;61;43;38;32;21;52;62;56;38;51;51;51;45;37
02/02/2017;20:00;49;45;42;49;45;40;40;39;39;47;63;49;48;38;50;43;39;;36;29;;48;;10;;39;36;45;60;43;54;61;43;39;33;23;52;62;55;38;50;49;51;47;38
02/02/2017;21:00;49;46;43;50;46;40;41;40;40;48;65;51;48;39;51;43;40;;37;30;;49;;13;;38;36;47;60;43;54;62;43;39;33;24;51;62;54;38;51;48;51;48;39
02/02/2017;22:00;50;47;44;51;46;40;42;41;42;50;67;50;50;41;52;44;41;;38;30;;49;;15;;36;36;48;61;43;54;62;44;39;35;25;52;63;55;38;52;49;51;49;40
02/02/2017;23:00;51;48;45;52;46;42;42;43;44;52;69;52;53;42;52;46;43;;40;31;;51;;17;;35;37;50;61;43;54;62;44;39;36;26;52;63;54;38;52;50;51;50;41
02/02/2017;24:00;51;49;46;54;47;43;43;44;45;54;71;54;54;43;51;49;45;;42;31;;52;;20;;35;39;50;61;44;54;62;45;39;37;29;53;63;55;39;53;52;51;51;42
03/02/2017;01:00;52;50;48;55;48;44;45;46;46;56;72;55;56;44;51;51;47;;44;31;;53;;22;;35;40;51;62;45;55;64;45;40;38;31;53;63;55;39;53;53;52;50;44
03/02/2017;02:00;53;51;49;56;50;44;45;47;47;58;74;57;58;45;50;52;48;;45;31;;54;;23;;36;41;52;62;46;55;64;47;41;39;33;53;63;55;40;54;55;52;50;45
03/02/2017;03:00;54;53;50;57;51;45;46;48;48;59;75;58;61;46;49;54;49;;46;31;;56;;25;;36;42;54;62;47;56;66;48;42;41;34;53;63;56;41;54;59;52;48;46
03/02/2017;04:00;55;54;51;58;52;46;47;49;49;60;75;59;63;47;48;54;50;;45;32;;56;;27;;35;44;55;63;48;57;66;48;44;43;37;54;63;56;42;55;62;53;47;47
03/02/2017;05:00;56;56;52;59;53;46;48;50;49;61;77;60;66;47;48;54;50;;45;32;;57;;28;;35;46;56;63;48;56;66;48;44;44;44;54;64;56;42;55;64;53;48;48
03/02/2017;06:00;57;56;52;60;54;47;48;50;50;61;78;60;67;48;47;54;51;;46;32;;57;;30;;37;48;57;63;48;55;65;48;44;44;47;53;65;57;42;54;67;53;48;49
03/02/2017;07:00;57;57;52;60;54;50;50;50;34;62;78;59;68;48;46;55;52;;46;32;;57;;34;;38;47;58;62;49;53;63;47;44;44;47;53;66;57;43;55;68;53;49;49
03/02/2017;08:00;57;57;52;60;53;53;54;51;35;62;79;60;72;49;45;54;52;;46;32;;56;;34;;39;48;58;62;48;53;62;46;43;45;49;53;66;56;42;56;68;53;51;49
03/02/2017;09:00;57;59;53;63;54;54;55;52;34;63;81;63;76;51;44;55;52;;45;33;;56;;37;;40;48;61;60;47;50;59;45;41;45;50;51;65;54;42;57;66;53;52;50
03/02/2017;10:00;57;58;53;65;54;55;55;53;34;65;82;63;79;52;43;55;53;;46;33;;55;;39;;39;48;63;59;45;49;57;43;42;46;52;49;64;52;41;57;66;53;53;51
03/02/2017;11:00;57;58;53;67;54;55;55;53;33;65;82;64;79;54;42;55;53;;45;32;;55;;40;;38;48;63;59;45;47;52;43;44;47;52;50;65;51;41;58;64;53;53;51
03/02/2017;12:00;56;58;53;67;54;54;55;53;33;65;82;64;79;54;41;53;52;;45;34;;54;;38;;37;48;64;59;45;48;48;43;45;49;54;50;67;52;42;59;66;54;53;52
03/02/2017;13:00;55;57;51;67;54;55;55;53;33;66;81;64;80;55;39;53;51;21;44;34;;53;;36;;37;47;66;59;48;50;51;44;48;50;55;51;68;53;44;61;66;55;54;51
03/02/2017;14:00;55;56;51;67;53;53;54;51;34;67;81;64;79;54;39;53;50;22;42;34;;52;;36;;36;47;64;62;50;53;56;45;49;50;56;53;67;54;46;61;66;56;54;50
03/02/2017;15:00;54;56;50;65;52;52;53;50;35;68;80;64;79;54;39;52;51;27;41;33;;50;;37;;35;47;63;67;51;55;58;47;50;50;56;57;65;58;47;60;65;57;54;50
03/02/2017;16:00;54;55;49;64;51;52;53;48;35;68;80;64;78;53;40;52;51;28;41;33;;49;;37;;34;48;61;70;50;54;57;47;50;48;56;61;64;63;46;58;64;56;53;48
03/02/2017;17:00;53;55;48;63;51;51;52;48;34;67;79;64;77;53;39;53;51;30;40;32;;48;;37;;34;48;60;70;50;53;55;47;49;46;57;61;63;64;45;54;62;55;52;47
03/02/2017;18:00;52;55;48;62;50;50;52;46;34;66;79;63;76;52;39;53;52;32;39;33;;47;;36;;33;49;58;69;49;54;53;47;49;44;57;61;63;65;45;51;60;52;51;46
03/02/2017;19:00;51;55;47;60;50;49;52;45;34;64;77;63;76;52;41;54;52;33;38;33;;45;;35;;32;50;57;69;48;53;52;46;49;43;58;61;64;64;44;49;60;50;50;45
03/02/2017;20:00;50;55;47;60;50;50;52;44;33;63;76;61;75;51;41;54;52;30;37;34;;44;;35;;32;49;56;69;47;53;51;46;48;42;59;62;64;66;44;50;61;50;50;45
03/02/2017;21:00;50;55;46;60;49;49;52;42;31;62;74;59;75;50;42;53;52;24;37;34;;43;;34;;31;49;56;69;47;53;50;45;48;41;61;62;64;66;44;49;62;51;50;45
03/02/2017;22:00;49;55;46;60;49;49;53;40;29;61;73;59;74;50;43;52;52;18;36;35;;43;;34;;31;48;55;68;46;53;51;45;47;40;63;61;63;66;44;49;63;51;51;45
03/02/2017;23:00;49;55;45;60;49;49;53;39;29;59;71;58;74;50;42;51;50;20;36;36;;43;;32;;31;47;55;68;46;52;50;45;46;39;64;61;63;66;43;49;62;51;50;45
03/02/2017;24:00;48;54;44;58;49;49;53;37;28;57;70;57;74;49;39;50;50;22;36;37;;42;;32;;28;47;54;68;45;52;49;44;46;39;67;61;63;67;42;48;60;51;50;45
04/02/2017;01:00;48;53;43;57;48;48;52;35;28;56;68;57;74;49;39;49;49;23;35;38;;41;;31;;28;46;54;67;44;53;48;44;46;38;68;61;63;66;42;48;60;50;49;44
04/02/2017;02:00;48;52;42;56;47;47;51;34;47;55;67;56;73;48;40;48;48;23;34;39;;40;;31;;27;46;53;67;44;53;48;43;46;37;69;60;63;65;40;47;58;49;48;43
04/02/2017;03:00;47;51;40;55;46;46;50;33;47;54;65;56;72;48;41;47;47;24;34;39;;39;;30;;30;45;52;66;44;54;48;43;46;36;70;60;64;64;40;46;54;49;47;42
04/02/2017;04:00;46;50;38;54;45;45;48;32;47;54;64;55;70;48;41;46;46;23;33;40;;39;;29;;39;44;51;67;44;55;47;43;46;35;70;60;64;64;40;45;52;49;46;41
04/02/2017;05:00;45;49;37;53;44;44;48;31;48;54;63;55;69;49;42;46;46;24;34;40;;38;;29;;43;45;51;67;45;58;49;44;46;35;73;60;65;64;41;45;51;49;46;40
04/02/2017;06:00;45;48;37;53;44;45;47;31;48;55;63;57;69;50;42;45;48;36;34;40;;38;;29;;34;44;50;67;46;60;51;45;48;36;73;61;66;63;41;46;48;49;45;39
04/02/2017;07:00;45;49;37;54;45;45;48;31;49;55;62;57;70;50;42;46;49;36;35;40;;38;;28;;40;45;49;68;47;61;53;45;49;37;74;61;66;63;42;46;46;49;45;39
04/02/2017;08:00;45;49;37;53;45;43;45;31;49;57;64;59;67;50;43;48;50;37;35;40;;39;;29;;41;45;49;69;49;62;54;47;51;36;75;61;67;64;44;46;45;49;45;40
04/02/2017;09:00;44;49;37;52;44;43;45;32;48;56;63;58;65;48;43;50;50;38;35;42;;39;;31;;32;44;49;69;51;63;55;49;53;35;75;62;67;64;46;45;45;49;44;40
04/02/2017;10:00;43;50;38;51;44;43;46;32;47;57;63;58;63;48;43;49;50;39;34;46;;40;;33;;34;45;49;69;52;63;56;51;53;33;78;62;68;65;47;45;45;50;43;40
04/02/2017;11:00;43;51;38;51;45;44;46;31;46;58;64;56;61;47;43;49;50;39;35;48;;41;;34;;34;46;49;69;53;64;56;52;52;32;79;62;67;65;48;45;46;50;43;40
04/02/2017;12:00;42;51;38;52;47;44;46;32;45;58;63;56;60;47;43;51;52;41;37;48;;42;;36;;36;46;49;68;54;65;57;53;52;31;76;61;67;65;49;44;46;50;44;41
04/02/2017;13:00;42;48;37;50;49;42;45;36;48;58;63;56;60;46;42;51;54;43;43;49;;47;;38;;41;47;46;68;54;64;57;54;54;31;76;62;66;63;49;43;45;50;46;47
04/02/2017;14:00;41;48;36;49;57;50;45;39;54;56;63;55;60;50;42;51;54;48;51;50;;56;;40;;48;47;47;65;55;64;56;55;52;33;76;60;64;62;49;44;45;49;53;60
04/02/2017;15:00;40;46;35;64;69;52;44;45;56;53;62;53;60;55;41;49;51;53;60;52;;66;;39;;50;45;53;60;55;64;57;56;50;34;75;55;65;60;49;44;46;49;63;71
04/02/2017;16:00;40;49;41;64;78;56;44;48;55;52;62;51;61;58;40;50;52;57;68;54;;75;;39;;71;44;62;59;56;65;60;57;51;36;78;59;65;59;50;45;48;48;72;79
04/02/2017;17:00;40;50;41;67;84;54;43;49;50;52;62;50;62;53;40;50;52;59;76;55;;84;;39;;81;44;67;56;58;68;66;61;55;39;78;57;62;56;55;45;51;47;78;90
04/02/2017;18:00;40;50;40;61;83;47;44;45;44;53;64;52;62;47;40;49;51;57;76;55;;86;;41;;92;45;65;53;62;67;64;62;60;42;78;54;59;55;57;45;51;46;78;92
04/02/2017;19:00;40;49;42;52;72;42;43;42;44;52;63;53;61;47;42;48;49;55;68;56;;78;;42;;90;43;60;53;61;69;67;61;60;49;78;54;56;54;55;44;52;44;68;83
04/02/2017;20:00;41;49;43;50;59;42;44;43;43;50;62;52;60;47;42;48;49;54;58;56;;70;;42;;79;43;53;50;60;70;67;61;58;50;80;51;52;51;55;43;52;40;56;69
04/02/2017;21:00;43;50;44;50;50;42;44;42;43;50;63;52;59;49;41;48;51;49;44;57;;58;;43;;64;43;48;49;58;70;67;60;57;51;81;49;50;50;54;42;51;39;44;53
04/02/2017;22:00;44;51;43;50;50;42;44;44;42;49;63;51;58;51;39;48;51;45;39;57;;47;;44;;48;42;47;46;59;71;66;61;56;53;81;49;46;49;55;40;49;37;43;43
04/02/2017;23:00;44;49;42;50;50;40;42;43;42;49;62;52;57;49;37;49;51;44;39;57;;44;;45;;38;42;46;45;58;73;66;60;58;53;82;48;44;47;54;39;50;35;43;43
04/02/2017;24:00;44;48;39;48;50;39;40;39;41;50;61;52;56;49;36;50;52;43;39;56;;43;;45;;39;42;45;43;58;71;68;60;57;54;80;46;43;45;55;37;48;34;43;44
05/02/2017;01:00;43;48;38;47;50;38;40;36;41;49;62;51;54;50;35;50;52;42;38;57;;42;;45;;39;42;44;42;59;69;71;60;58;55;80;46;41;44;56;37;46;32;44;44
05/02/2017;02:00;42;49;38;46;50;38;40;35;39;48;63;48;53;49;34;49;53;41;39;58;;41;;44;;39;42;42;41;59;68;72;61;57;54;79;45;39;43;55;36;46;31;44;44
05/02/2017;03:00;41;49;38;46;50;38;40;34;38;47;63;48;52;50;32;49;52;40;38;58;;41;;44;;40;41;40;40;60;68;74;62;57;53;79;44;36;42;55;36;47;30;44;44
05/02/2017;04:00;40;49;40;46;50;38;40;34;36;45;63;49;51;49;31;48;52;39;39;58;;41;;44;;38;41;39;41;60;67;80;63;59;53;79;43;34;40;56;34;48;28;44;44
05/02/2017;05:00;41;48;41;46;50;37;40;33;35;44;62;47;50;45;30;48;51;39;39;59;;41;;44;;41;40;39;46;60;65;85;63;66;52;71;47;31;39;56;33;47;27;44;44
05/02/2017;06:00;39;48;40;46;52;37;41;33;33;44;63;45;48;40;30;48;46;40;41;59;;43;;44;;42;39;37;50;60;68;90;65;69;52;68;50;29;37;58;31;47;25;45;45
05/02/2017;07:00;38;47;38;45;52;35;39;32;34;46;68;50;47;38;29;46;45;39;40;59;;43;;44;;41;38;37;54;58;69;95;66;72;51;70;50;27;37;59;30;46;23;44;46
05/02/2017;08:00;38;48;36;44;52;35;40;33;34;45;65;47;47;36;29;41;43;38;40;59;;42;;44;;42;38;36;55;57;68;98;65;79;52;70;50;25;36;59;30;46;22;44;46
05/02/2017;09:00;38;49;38;44;51;36;38;32;34;46;64;46;46;36;28;41;42;37;40;57;;40;;42;;43;39;34;54;56;67;99;66;78;53;69;49;23;35;57;28;46;21;44;46
05/02/2017;10:00;38;50;44;43;49;45;38;47;38;44;62;45;45;36;28;44;42;36;40;53;;39;;41;;45;42;40;53;58;68;100;68;78;54;66;48;21;33;58;27;46;20;42;46
05/02/2017;11:00;46;51;60;59;53;71;57;63;44;43;61;45;45;37;27;58;48;38;42;52;;51;;39;;48;47;48;52;58;69;102;68;79;55;65;46;20;31;59;27;46;19;49;48
05/02/2017;12:00;57;52;60;58;58;85;67;62;50;45;61;48;43;46;27;67;66;45;46;53;;56;;38;;50;50;53;50;60;69;102;68;80;54;66;44;19;30;60;27;46;18;59;52
05/02/2017;13:00;71;56;64;66;61;80;72;65;61;45;61;49;43;54;26;73;87;51;52;53;;60;;37;;52;73;58;47;61;68;99;68;78;54;66;41;19;30;60;26;45;17;59;55
05/02/2017;14:00;81;59;66;66;63;80;81;62;68;44;60;47;42;63;26;83;88;54;54;54;;61;;36;;53;72;59;45;59;67;98;66;78;52;67;39;20;29;60;25;45;16;63;59
05/02/2017;15:00;90;68;62;61;60;71;76;57;75;45;60;49;46;68;25;91;97;57;54;53;;59;;36;;53;79;57;45;58;68;97;65;80;52;68;40;16;25;60;26;46;15;60;57
05/02/2017;16:00;95;72;69;57;56;59;71;70;77;44;60;47;48;72;25;93;101;57;52;53;;57;;36;;52;79;57;43;57;68;96;63;80;51;67;32;15;21;59;25;47;15;54;54
05/02/2017;17:00;91;73;71;55;53;59;64;63;70;46;61;49;50;70;24;97;99;56;51;53;;58;;36;;50;74;58;43;54;65;89;59;75;48;67;31;16;21;54;25;44;16;50;52
05/02/2017;18:00;82;73;69;54;52;61;57;63;61;48;61;45;49;61;23;99;99;55;50;52;;58;;37;;48;77;58;44;48;65;89;58;70;46;67;33;16;20;51;26;44;16;49;51
05/02/2017;19:00;70;72;67;53;51;61;56;59;53;55;65;49;50;54;23;93;95;51;49;52;;56;;38;;47;78;57;43;50;62;89;58;72;40;68;33;17;20;53;26;45;16;48;49
05/02/2017;20:00;60;69;60;49;45;57;51;45;43;63;70;53;53;44;27;84;87;45;43;56;;50;;40;;45;78;54;45;52;65;93;61;74;40;64;37;18;21;56;27;48;17;49;47
05/02/2017;21:00;52;67;50;43;39;51;43;36;37;65;72;55;54;36;30;72;73;37;41;54;;44;;40;;45;71;52;46;54;70;93;61;74;46;61;38;19;24;59;30;49;18;48;47
05/02/2017;22:00;45;64;44;41;40;46;34;32;33;67;75;56;56;36;30;60;60;29;42;53;;38;;40;;46;55;51;49;53;71;94;60;75;46;66;37;22;25;59;34;50;18;45;44
05/02/2017;23:00;45;69;39;39;41;43;34;33;36;69;78;57;59;37;29;55;55;27;43;52;;32;;39;;46;43;51;50;54;72;94;60;75;46;65;38;23;27;60;36;49;19;44;39
05/02/2017;24:00;48;70;35;38;41;36;36;34;38;69;82;57;63;40;29;55;55;26;43;50;;29;;39;;47;40;50;51;55;74;93;61;75;45;62;39;23;28;62;38;51;19;42;37
06/02/2017;01:00;51;70;36;40;42;32;38;35;39;72;88;60;65;42;29;56;55;27;44;48;;30;;39;;47;40;47;51;55;76;99;64;78;44;59;38;23;29;61;39;52;19;42;38
06/02/2017;02:00;54;70;38;43;44;33;40;35;41;75;94;64;67;45;29;58;55;28;44;46;;31;;38;;47;39;46;51;56;78;105;68;88;45;58;38;23;29;63;40;53;19;42;39
06/02/2017;03:00;56;73;37;44;45;34;43;35;42;78;103;65;68;47;30;61;55;29;45;44;;31;;39;;43;38;39;52;55;78;105;70;102;45;56;38;23;28;64;41;54;20;42;39
06/02/2017;04:00;58;73;33;43;45;37;44;35;44;83;103;65;69;48;30;63;58;29;45;43;;30;;38;;41;40;30;49;57;78;102;72;106;45;54;37;23;28;65;42;55;20;42;40
06/02/2017;05:00;60;75;30;44;46;37;45;36;45;86;105;67;74;48;30;64;61;29;44;41;;30;;38;;39;41;32;42;59;78;101;75;104;46;53;31;22;27;66;43;57;20;43;40
06/02/2017;06:00;;78;;47;45;39;;;;93;107;66;76;;32;65;;;43;40;;29;;39;;39;;34;36;62;76;98;78;106;46;52;27;22;28;66;43;59;20;;40
06/02/2017;07:00;;80;;48;46;40;;;;103;102;64;78;;32;67;;;42;39;;30;;39;;38;;36;31;65;79;95;81;108;46;48;25;21;27;68;44;60;21;;41
06/02/2017;08:00;;82;;49;47;42;;;;104;105;64;80;;32;70;;;42;38;;32;;40;;38;;37;28;67;81;91;85;103;46;46;23;19;27;67;43;58;21;;40
06/02/2017;09:00;;88;;49;48;43;;;;106;107;68;81;;33;70;;;43;37;;42;;40;;43;;38;27;66;83;89;85;104;45;44;22;20;27;67;42;57;22;;40
06/02/2017;10:00;;90;;49;54;45;;;;110;110;77;84;;35;69;;;56;35;;54;;38;;56;;43;27;65;84;91;84;102;45;44;22;21;28;69;42;56;22;;52
06/02/2017;11:00;;94;;52;65;51;;;;111;112;80;86;;37;69;;;67;34;;63;;37;;71;;55;28;66;84;91;85;103;44;43;24;21;30;68;42;56;22;;68
06/02/2017;12:00;;98;;59;72;56;;;;111;113;80;87;;37;70;;;73;31;;75;;37;;77;;61;29;66;83;94;86;100;44;43;25;21;30;67;41;55;22;;71
06/02/2017;13:00;;99;;63;81;58;;;;112;113;81;89;;36;71;;;81;31;;87;;37;;89;;68;29;66;84;95;86;101;44;40;25;21;30;68;42;55;22;;78
06/02/2017;14:00;;99;;64;86;58;;;;114;115;86;91;;36;72;;;83;29;;95;;38;;95;;71;29;67;84;96;87;102;44;39;25;20;29;69;41;56;22;;80
06/02/2017;15:00;;99;;62;82;57;;;;113;115;85;87;;35;73;;;78;29;;94;;38;;92;;70;29;68;85;96;89;101;43;37;24;21;29;70;40;56;22;;75
06/02/2017;16:00;;99;;59;76;55;;;;113;116;85;84;;35;74;;;71;28;;88;;37;;85;;65;28;68;84;94;89;101;42;36;24;21;30;71;40;55;22;;70
06/02/2017;17:00;;106;;61;67;52;;;;112;115;85;82;;35;75;;;64;27;;76;;38;;75;;59;28;72;83;95;89;108;45;35;24;20;29;76;41;56;21;;64
06/02/2017;18:00;;110;;63;67;51;;;;112;114;91;84;;34;73;;;57;26;;65;;39;;64;;53;28;75;88;102;93;109;51;35;24;19;29;77;41;60;22;;58
06/02/2017;19:00;;109;;62;65;51;;;;108;111;90;85;;34;72;;;53;--;;58;;39;;57;;55;28;75;88;101;94;108;52;33;24;20;29;77;46;61;21;;56
06/02/2017;20:00;;111;;63;61;51;;;;104;108;91;85;;35;68;;;48;--;;56;;44;;50;;54;32;78;91;100;94;115;53;33;25;20;33;80;49;62;21;;53
06/02/2017;21:00;;111;;61;58;51;;;;102;107;90;86;;35;64;;;43;--;;56;;44;;44;;53;39;81;91;107;96;119;47;31;31;26;40;79;50;62;23;;51
06/02/2017;22:00;;111;;58;55;50;;;;102;106;90;85;;36;60;;;41;--;;54;;45;;40;;52;44;83;93;110;98;121;47;23;37;30;45;82;49;62;25;;49
06/02/2017;23:00;;109;;57;53;50;;;;102;104;89;84;;35;58;;;38;--;;53;;46;;37;;51;48;85;92;111;99;122;48;22;41;31;49;83;50;63;27;;47
06/02/2017;24:00;;108;;56;50;50;;;;102;102;90;83;;35;56;;;37;--;;52;;47;;36;;51;50;85;92;113;100;122;49;22;43;35;51;82;50;64;29;40;45
07/02/2017;01:00;;107;;55;48;49;;;;102;97;89;83;;35;54;;;37;--;;51;;47;;36;;52;52;85;92;106;98;120;49;22;45;38;52;83;50;65;31;38;43
07/02/2017;02:00;;103;;53;46;47;;;;102;92;89;83;;36;52;;;36;--;;50;;48;;36;;51;53;85;91;100;94;110;49;21;46;40;54;82;50;65;33;37;41
07/02/2017;03:00;;101;;52;43;46;;;;101;84;87;84;;36;50;;;35;--;;50;;48;;34;;51;54;85;90;98;91;97;49;22;48;42;55;82;50;62;34;35;39
07/02/2017;04:00;;102;;52;42;45;;;;99;85;88;86;;36;48;;;34;--;;49;;49;;32;;50;56;83;89;94;89;90;49;21;50;45;58;81;50;60;35;34;37
07/02/2017;05:00;;99;;51;42;43;;;;98;85;88;84;;37;47;;;35;--;;49;;49;;31;;49;57;80;87;89;85;84;49;21;51;46;61;78;50;58;36;33;35
07/02/2017;06:00;53;95;47;49;40;41;49;62;71;90;83;89;82;72;38;45;34;46;34;--;;48;;48;;30;32;47;58;76;86;84;79;78;48;22;53;47;62;78;50;55;37;31;34
07/02/2017;07:00;51;93;44;45;38;40;48;64;70;79;85;91;80;72;39;42;33;45;34;--;;45;;49;;29;30;46;59;72;82;80;74;70;48;22;53;49;62;74;50;53;37;30;32
07/02/2017;08:00;49;87;43;43;37;38;46;64;70;77;85;89;79;73;40;41;31;43;33;--;;42;;48;;28;27;44;61;70;81;80;69;68;47;23;55;51;62;73;51;55;37;29;31
07/02/2017;09:00;47;78;41;43;35;37;44;62;69;76;83;87;79;75;41;39;30;41;33;--;;40;;48;;28;27;43;64;70;80;80;66;67;47;23;59;52;64;73;53;55;38;27;30
07/02/2017;10:00;45;71;39;43;34;36;43;62;69;74;83;82;79;75;42;37;27;41;31;--;;39;;50;;27;25;42;66;68;79;78;64;68;47;23;61;52;65;71;55;57;38;27;28
07/02/2017;11:00;43;67;38;43;34;35;40;61;66;73;82;80;79;74;43;35;24;41;32;--;;38;;51;;26;22;41;67;68;80;76;63;68;47;22;61;54;68;71;57;57;40;27;25
07/02/2017;12:00;41;60;36;42;33;34;37;59;66;71;81;79;79;71;44;32;23;42;32;--;;37;;52;;25;20;40;70;67;82;75;62;70;48;23;63;57;70;70;59;59;42;27;24
07/02/2017;13:00;38;56;33;40;32;31;33;57;66;69;79;75;77;71;45;30;19;38;27;--;;34;;53;;26;17;37;73;66;83;75;61;69;49;22;66;59;73;70;61;60;43;26;23
07/02/2017;14:00;36;51;32;36;29;30;30;53;63;67;76;70;75;68;46;29;18;35;27;--;;31;;53;;26;17;34;77;66;85;75;61;69;49;23;70;61;79;69;63;61;44;25;21
07/02/2017;15:00;33;42;31;34;28;28;27;51;61;68;77;72;74;65;47;28;17;32;27;--;;28;;52;;27;19;33;82;64;84;74;58;67;49;23;74;63;86;67;63;60;45;25;21
07/02/2017;16:00;30;34;29;33;27;27;23;49;63;68;75;73;73;65;49;25;19;29;23;--;;27;;52;;27;20;32;83;62;83;71;58;65;49;23;75;65;88;64;64;58;46;23;21
07/02/2017;17:00;28;23;24;29;24;26;21;46;62;65;73;70;71;63;52;24;20;30;22;--;;25;;52;;23;21;29;83;55;80;72;56;59;47;23;75;67;86;58;64;57;48;23;22
07/02/2017;18:00;26;19;20;26;24;25;22;44;57;61;70;63;70;60;54;22;21;28;22;--;;24;;51;;21;21;26;82;54;77;67;53;58;40;22;73;67;86;59;64;54;49;26;24
07/02/2017;19:00;25;19;20;24;25;23;21;42;55;58;68;59;67;55;54;23;20;25;22;--;;24;;49;;20;21;23;84;53;75;65;51;56;38;22;75;68;91;57;59;52;50;25;25
07/02/2017;20:00;24;17;20;23;24;22;20;39;50;56;66;55;65;51;54;22;19;23;20;--;;23;;43;;19;22;23;80;47;67;60;47;48;34;22;71;68;90;51;55;46;50;22;23
07/02/2017;21:00;22;15;17;23;21;22;18;37;48;55;64;54;63;49;54;21;20;21;20;--;;20;;38;;19;22;22;72;44;60;51;44;42;31;22;64;62;79;47;50;43;49;19;21
07/02/2017;22:00;21;16;16;24;18;21;16;35;46;53;62;52;61;47;53;22;20;20;20;--;;20;;34;;18;25;22;66;43;56;47;42;38;29;21;58;58;74;43;47;40;46;15;19
07/02/2017;23:00;21;15;15;23;17;20;15;34;45;51;60;51;59;45;52;27;24;20;19;--;;20;;31;;18;29;22;62;42;53;44;40;36;27;20;54;56;72;41;45;39;44;13;18
07/02/2017;24:00;20;14;13;23;17;19;14;31;43;49;58;50;56;43;52;32;27;20;19;--;;19;;28;;19;31;21;59;41;51;42;38;35;25;19;51;54;77;39;43;38;42;13;18
08/02/2017;01:00;28;14;14;24;18;19;14;30;40;47;55;48;53;42;52;33;28;20;24;--;;19;;25;;24;33;21;57;39;49;39;36;33;24;19;49;50;76;37;42;37;40;27;20
08/02/2017;02:00;22;15;14;24;19;18;15;28;38;44;53;46;50;39;51;37;31;21;22;--;;20;;22;;24;32;21;55;37;48;37;35;30;23;18;47;49;74;35;41;38;39;18;20
08/02/2017;03:00;36;31;26;32;33;26;28;28;35;43;51;45;48;37;51;36;30;21;26;--;;21;;21;;30;31;21;54;35;47;36;33;27;22;18;46;47;73;34;40;38;37;29;27
08/02/2017;04:00;39;26;27;33;32;23;23;27;33;42;49;44;45;35;50;33;27;22;30;--;;24;;20;;34;27;21;52;33;45;35;32;25;21;17;45;46;73;33;39;37;36;33;30
08/02/2017;05:00;41;34;32;31;33;27;28;27;31;40;48;43;43;33;48;31;25;22;29;23;;26;;18;;34;26;22;51;32;44;33;31;25;21;17;43;44;71;32;39;37;35;30;30
08/02/2017;06:00;41;33;33;28;31;25;27;25;29;40;47;42;43;31;47;31;24;22;28;22;;25;;17;;32;25;21;49;31;42;33;31;25;20;16;42;44;70;30;38;36;34;28;27
08/02/2017;07:00;38;28;32;25;26;22;24;24;29;40;46;40;43;31;46;30;24;22;27;22;;24;;15;;30;25;21;49;31;43;34;31;26;21;16;42;45;69;30;39;37;33;24;23
08/02/2017;08:00;37;25;29;25;24;21;23;31;28;39;46;39;43;29;44;31;23;23;26;23;;24;;15;;29;25;21;48;30;42;34;30;27;21;15;41;45;69;29;39;38;33;22;22
08/02/2017;09:00;35;22;28;26;24;21;23;32;27;38;46;40;43;29;43;32;24;23;26;23;;25;;15;;29;25;21;47;29;40;33;30;25;21;16;40;44;68;27;39;39;33;22;22
08/02/2017;10:00;33;22;28;23;25;22;23;36;27;36;45;37;42;27;41;35;26;27;27;23;;26;;14;;14;25;21;46;27;38;31;28;24;21;16;39;44;68;26;37;38;32;22;24
08/02/2017;11:00;33;23;29;24;26;23;24;39;34;34;45;34;40;31;40;34;26;30;28;23;;28;;14;;23;25;24;45;25;36;30;26;22;20;17;39;43;65;25;36;38;31;22;26
08/02/2017;12:00;33;25;30;24;27;24;20;39;37;35;47;37;40;33;38;35;28;34;28;22;;32;;13;;24;24;21;43;23;33;28;24;20;19;19;37;41;63;23;35;36;29;24;26
08/02/2017;13:00;33;26;30;25;26;26;21;39;40;35;49;39;41;37;37;37;28;36;27;23;;35;;12;;30;25;26;38;21;29;26;22;18;19;19;33;41;59;19;34;34;29;25;27
08/02/2017;14:00;32;25;29;27;26;26;21;37;41;37;52;38;42;38;35;36;29;37;27;23;;36;;11;;31;26;23;35;20;25;25;20;18;19;19;29;40;55;18;31;32;28;26;28
08/02/2017;15:00;33;25;27;27;26;25;22;33;39;36;54;36;43;36;33;38;29;36;25;22;;36;;10;;31;26;29;31;20;23;24;20;19;19;20;25;39;49;19;32;34;28;26;28
08/02/2017;16:00;34;25;25;27;26;23;23;30;36;37;56;37;43;34;31;40;31;35;24;22;;34;;9;;30;26;28;30;20;23;25;20;19;19;20;25;38;46;19;33;35;29;24;27
08/02/2017;17:00;36;26;24;27;25;24;24;27;33;37;58;38;44;31;27;41;33;33;23;20;;32;;10;;29;27;27;33;21;26;28;21;19;19;20;26;39;49;20;35;35;28;22;24
08/02/2017;18:00;37;26;25;28;24;24;25;26;30;39;61;40;46;29;25;42;35;31;22;19;;29;;10;;26;29;25;34;19;24;25;20;17;19;20;27;41;47;18;35;33;28;19;21
08/02/2017;19:00;39;27;25;28;23;24;26;27;28;39;63;41;46;27;24;45;37;29;21;17;;27;;11;;23;30;24;31;20;24;23;20;18;20;21;24;39;42;18;33;33;27;17;19
08/02/2017;20:00;40;29;27;29;23;25;28;28;29;40;65;43;48;26;23;46;38;26;20;17;;25;;11;;21;31;24;30;21;25;24;20;20;21;21;23;38;39;20;32;33;27;19;17
08/02/2017;21:00;42;29;28;29;24;26;28;29;30;42;68;44;49;27;21;47;37;24;19;17;;23;;11;;19;31;24;30;22;25;25;21;21;23;22;23;38;39;20;32;34;26;19;18
08/02/2017;22:00;44;30;29;29;24;27;29;30;32;43;71;47;50;28;21;48;39;21;17;18;;23;;12;;19;31;25;30;23;26;25;21;23;24;22;23;38;38;21;33;36;27;20;18
08/02/2017;23:00;45;31;30;30;25;28;30;31;33;44;74;49;52;29;20;46;37;22;16;17;;24;;12;;19;31;25;31;23;26;26;21;24;25;23;24;39;39;21;33;37;27;21;19
08/02/2017;24:00;46;32;30;30;25;28;31;32;33;45;76;48;52;30;20;45;36;23;16;18;;24;;13;;19;31;26;31;24;26;26;22;24;26;23;25;39;32;22;34;37;28;20;19
09/02/2017;01:00;46;32;30;29;25;28;31;33;34;45;78;49;53;30;19;44;34;24;15;18;;24;;15;;19;31;26;32;24;26;26;22;24;27;23;25;39;30;22;34;37;28;20;18
09/02/2017;02:00;47;33;31;29;25;29;31;34;34;46;82;50;55;30;18;43;33;24;15;19;;24;;15;;19;30;26;31;24;27;26;22;25;28;23;25;39;30;22;33;36;29;20;19
09/02/2017;03:00;47;33;31;29;25;28;31;35;34;49;90;51;58;31;17;43;33;24;16;19;;25;;15;;20;29;26;31;24;27;26;22;25;29;23;24;39;29;21;34;37;29;20;19
09/02/2017;04:00;47;33;30;29;25;29;32;36;34;53;100;52;60;31;17;41;33;24;16;19;;25;;16;;21;29;26;32;24;27;26;22;27;30;22;24;39;27;21;35;39;29;20;19
09/02/2017;05:00;47;34;30;30;25;30;32;37;34;56;110;53;61;31;17;41;33;23;17;19;;25;;15;;21;28;26;32;25;28;27;22;26;31;22;24;40;28;21;36;39;30;21;20
09/02/2017;06:00;47;34;30;29;25;30;32;38;34;58;122;53;63;31;17;41;32;21;17;20;;25;;16;;21;28;25;32;25;28;27;22;26;31;22;24;40;28;22;36;40;30;22;20
09/02/2017;07:00;48;35;31;31;26;30;33;38;36;59;133;55;64;32;16;42;32;22;17;22;;25;;17;;21;28;25;33;25;26;26;21;25;31;22;26;39;29;23;34;40;31;22;20
09/02/2017;08:00;48;34;30;30;25;30;33;38;35;62;137;57;64;32;16;41;32;21;18;22;;25;;17;;21;27;25;32;24;25;25;22;24;32;22;25;38;29;22;34;40;31;22;20
09/02/2017;09:00;48;34;30;30;24;29;34;39;34;62;138;56;63;31;16;40;31;20;20;22;;24;;17;;23;26;24;30;24;24;25;22;23;33;22;23;38;27;21;34;39;31;22;20
09/02/2017;10:00;48;33;29;30;24;28;33;39;34;63;136;56;62;31;16;37;30;22;24;21;;26;;17;;24;25;24;29;24;25;26;23;22;35;22;22;36;25;21;33;38;30;22;24
09/02/2017;11:00;50;32;29;28;27;28;33;39;34;64;138;59;62;32;16;37;30;23;28;21;;27;;16;;26;29;26;29;22;24;24;23;22;37;21;22;34;24;19;31;37;29;28;29
09/02/2017;12:00;51;34;30;34;31;31;33;39;36;65;138;59;63;31;15;37;34;27;32;21;;31;;16;;28;33;29;27;23;25;25;23;21;37;25;21;35;23;19;31;36;28;31;32
09/02/2017;13:00;52;35;33;36;34;35;37;40;38;65;137;59;64;33;15;42;39;29;36;21;;34;;17;;29;38;32;27;22;26;25;23;21;38;26;20;32;22;21;31;37;27;35;36
09/02/2017;14:00;53;40;35;40;37;37;41;40;38;65;136;60;66;37;15;46;44;30;39;22;;35;;16;;30;41;34;27;22;26;25;23;21;38;40;20;31;20;20;31;36;26;39;39
09/02/2017;15:00;52;43;40;43;40;40;43;40;37;65;136;60;68;37;15;49;47;31;41;23;;37;;15;;32;42;36;26;22;24;23;22;20;39;40;20;29;20;20;32;34;24;43;41
09/02/2017;16:00;52;41;42;48;44;43;41;41;38;65;135;61;69;38;15;49;50;34;44;22;;40;;15;;36;39;39;27;21;24;21;22;19;38;40;20;28;20;19;31;34;23;47;45
09/02/2017;17:00;51;38;45;53;50;45;38;40;40;66;136;63;70;37;15;47;49;38;47;25;;44;;15;;41;37;44;27;20;23;18;21;18;39;40;21;27;20;18;29;35;21;53;50
09/02/2017;18:00;51;33;44;55;56;45;36;40;41;67;137;64;72;37;16;45;47;42;51;26;;48;;14;;45;38;51;27;19;22;17;21;16;40;40;22;27;23;18;30;35;20;57;56
09/02/2017;19:00;50;31;39;53;60;40;36;40;42;68;138;65;72;36;16;45;43;46;54;27;;53;;15;;47;41;53;29;20;22;18;20;17;40;41;25;29;24;21;33;34;20;55;58
09/02/2017;20:00;50;32;33;44;56;32;37;40;41;68;138;64;71;36;17;45;44;49;54;28;;53;;15;;49;44;50;32;22;27;18;21;19;48;48;30;31;26;22;37;34;20;47;53
09/02/2017;21:00;49;34;30;35;45;31;37;40;40;69;139;63;70;36;18;46;45;44;51;30;;47;;19;;50;46;42;34;24;31;23;23;20;50;50;31;32;30;24;39;35;21;34;42
09/02/2017;22:00;48;37;31;35;32;31;37;40;39;67;150;63;68;36;19;45;47;36;42;32;;38;;22;;50;49;29;37;24;31;29;24;20;51;52;32;33;34;25;41;36;22;29;29
09/02/2017;23:00;49;37;31;35;33;32;38;40;38;66;156;63;67;36;20;45;49;26;31;34;;27;;24;;49;51;27;37;25;32;30;25;20;51;53;33;33;33;25;44;36;23;30;27
09/02/2017;24:00;50;38;32;36;34;32;38;39;37;66;161;65;67;36;21;49;50;22;25;35;;27;;26;;45;53;28;38;25;34;32;25;20;51;55;34;33;35;25;47;36;24;31;28
10/02/2017;01:00;50;39;33;36;34;34;39;39;37;67;161;66;66;35;21;52;52;22;26;37;;28;;27;;39;55;29;39;25;35;33;26;21;50;56;36;34;38;26;47;37;25;32;29
10/02/2017;02:00;50;40;33;37;34;34;39;38;38;68;167;67;67;35;22;56;55;22;27;38;;28;;29;;35;56;30;41;26;36;33;26;21;50;58;38;35;40;27;48;37;26;32;29
10/02/2017;03:00;51;41;33;38;33;35;40;37;38;68;166;67;66;36;23;57;57;23;28;39;;28;;32;;29;58;30;42;26;37;33;27;22;49;60;39;36;40;28;48;36;27;33;29
10/02/2017;04:00;51;41;33;40;34;35;40;36;39;65;158;65;65;36;23;59;59;23;28;40;;28;;33;;29;59;31;44;26;39;34;28;22;49;63;40;36;41;28;48;36;27;34;30
10/02/2017;05:00;51;41;34;40;33;35;40;36;40;63;147;64;64;37;24;60;60;24;29;42;;28;;35;;29;61;32;45;27;41;41;30;23;49;68;44;36;42;28;48;36;28;34;29
10/02/2017;06:00;52;39;34;42;34;36;40;36;40;60;134;63;62;39;25;62;63;26;31;42;;29;;36;;30;62;34;46;27;46;46;35;23;51;76;46;37;43;28;48;36;29;34;30
10/02/2017;07:00;52;38;34;43;36;38;41;36;39;59;122;60;60;39;25;62;66;26;34;42;;30;;37;;30;66;34;47;29;52;53;41;25;52;78;46;38;43;29;48;39;30;36;31
10/02/2017;08:00;53;39;35;46;36;40;42;36;41;58;119;59;60;38;26;63;70;27;37;44;;31;;39;;31;67;34;48;33;57;55;44;28;54;82;46;39;44;31;50;43;30;38;33
10/02/2017;09:00;54;39;36;47;37;43;43;36;42;58;121;59;61;38;27;66;74;30;38;48;;33;;41;;33;69;35;49;38;62;57;48;31;55;83;48;39;44;33;51;47;31;40;35
10/02/2017;10:00;57;40;57;49;46;45;44;41;42;58;122;61;62;39;29;71;78;48;42;50;;39;;44;;36;70;43;50;44;66;61;52;36;55;87;49;40;45;34;54;51;31;41;47
10/02/2017;11:00;57;70;82;66;67;68;52;59;44;58;122;62;64;41;30;76;83;61;41;52;;79;;43;;40;72;70;51;48;65;67;55;39;55;91;50;42;47;36;57;55;32;59;60
10/02/2017;12:00;74;114;90;80;79;95;85;58;73;63;126;63;63;42;31;80;86;73;46;52;;110;;40;;44;73;87;52;51;66;71;58;42;57;90;50;41;48;;57;58;33;60;62
10/02/2017;13:00;84;112;98;82;83;99;103;68;83;64;125;64;66;72;31;87;93;81;54;54;;110;;39;;46;88;93;53;53;66;76;61;44;58;93;52;41;49;;57;58;34;64;69
10/02/2017;14:00;94;127;110;86;83;103;100;121;86;64;124;64;68;69;31;100;98;90;57;55;;120;;40;;51;102;104;53;55;67;79;62;45;58;85;52;42;50;;56;61;34;67;73
10/02/2017;15:00;116;136;111;80;77;97;100;114;102;63;122;65;69;78;32;108;107;95;60;55;;110;;40;;55;116;101;55;54;70;83;64;48;61;85;52;42;49;;56;62;35;65;38
10/02/2017;16:00;126;129;101;71;67;84;100;122;97;62;121;64;70;87;33;116;118;100;64;55;;90;;41;;59;127;88;54;56;70;86;66;50;63;85;53;42;50;;55;62;35;62;38
10/02/2017;17:00;127;114;99;65;60;87;109;131;89;63;121;64;71;88;33;115;109;97;65;54;;71;;41;;63;117;74;53;58;72;88;67;52;63;86;52;42;50;;55;62;36;62;38
10/02/2017;18:00;122;96;106;62;60;97;105;115;80;64;122;63;73;88;34;92;92;87;66;55;;60;;41;;64;96;63;52;60;73;89;68;55;65;86;51;40;51;;56;63;37;64;36
10/02/2017;19:00;100;78;97;69;63;93;103;98;63;66;123;64;75;81;35;91;90;77;66;55;;63;;41;;64;72;78;54;60;75;91;70;54;68;85;56;40;50;;55;65;37;63;36
10/02/2017;20:00;79;59;90;66;64;90;87;82;52;68;126;65;77;67;35;93;90;66;70;55;;70;;44;;63;70;71;56;61;74;93;70;56;63;80;54;39;52;;54;65;37;59;41
10/02/2017;21:00;80;60;76;61;59;76;62;62;53;70;130;68;80;48;34;94;91;62;71;54;;70;;44;;59;68;70;57;62;74;92;71;55;62;79;57;39;51;;56;66;37;54;42
10/02/2017;22:00;80;60;52;57;52;57;53;53;55;74;130;68;82;49;36;95;91;63;64;52;;67;;46;;57;67;68;56;63;77;91;71;56;62;82;58;39;50;;55;65;36;49;43
10/02/2017;23:00;79;61;51;58;46;57;53;49;57;77;123;72;85;51;37;96;91;64;59;52;;61;;46;;54;65;53;55;64;81;91;71;59;62;86;59;38;50;;53;65;35;46;43
10/02/2017;24:00;79;61;51;59;46;57;53;49;59;79;119;74;88;53;38;93;93;60;48;52;;47;;48;;48;65;52;57;74;82;93;73;71;63;88;60;38;50;;52;67;34;46;44
11/02/2017;01:00;78;61;51;60;47;56;54;49;61;80;120;74;90;54;39;91;93;52;47;51;;47;;49;;45;64;53;58;76;84;94;74;79;63;90;60;38;49;;52;68;33;47;44
11/02/2017;02:00;77;61;52;60;48;56;54;50;62;81;113;74;89;56;40;90;92;49;48;51;;48;;50;;42;64;53;58;78;87;99;77;87;64;92;60;38;50;;54;69;33;48;45
11/02/2017;03:00;76;60;52;60;50;56;53;51;62;79;107;73;89;57;41;90;92;49;47;51;;48;;51;;39;63;53;57;80;90;105;79;92;66;93;60;38;51;;56;71;32;48;45
11/02/2017;04:00;75;60;52;60;50;55;53;52;62;80;107;74;89;56;42;90;91;50;47;51;;48;;51;;38;62;52;63;82;93;107;80;94;68;92;62;38;51;;59;73;32;48;46
11/02/2017;05:00;75;59;52;60;50;54;52;53;62;79;107;74;89;56;43;89;91;50;47;50;;48;;52;;37;62;52;66;83;93;103;80;95;69;90;63;37;53;--;65;74;32;48;47
11/02/2017;06:00;73;59;51;59;51;52;51;54;63;78;106;74;89;56;43;89;89;51;46;50;;49;;53;;38;63;52;68;84;91;100;77;96;69;87;65;37;58;;69;76;32;48;48
11/02/2017;07:00;71;58;50;58;51;50;50;55;62;78;106;74;89;57;44;88;88;51;45;49;;49;;54;;38;63;52;69;84;87;95;73;96;69;89;66;37;60;;72;77;32;47;48
11/02/2017;08:00;70;56;50;57;53;49;49;55;63;77;103;74;89;57;45;87;87;52;43;48;;49;;53;;38;64;53;70;83;83;96;71;95;67;87;68;41;62;;74;75;34;47;48
11/02/2017;09:00;69;55;50;56;54;48;49;56;63;77;101;74;89;57;44;86;85;52;44;44;;49;;53;;39;64;54;71;80;80;95;68;93;69;88;68;44;65;;75;73;36;47;47
11/02/2017;10:00;67;55;50;56;54;47;48;56;64;78;101;74;90;58;45;84;85;52;45;45;;49;;53;;38;64;55;73;76;80;94;65;92;69;87;73;44;66;;74;75;36;49;48
11/02/2017;11:00;67;57;55;57;53;57;54;56;69;78;100;73;89;66;45;81;82;53;49;45;;54;;51;;42;64;54;73;73;84;89;65;92;70;85;78;45;65;;73;74;38;50;52
11/02/2017;12:00;66;55;63;82;67;85;84;62;93;71;96;86;88;76;45;83;82;53;51;47;;73;;51;;46;64;66;72;75;85;87;67;94;70;83;76;44;66;71;74;74;39;65;66
11/02/2017;13:00;64;61;74;103;80;108;96;81;106;75;98;85;83;85;46;83;81;56;53;45;;90;;51;;50;72;86;73;76;86;84;67;94;69;81;75;44;66;72;73;74;39;84;78
11/02/2017;14:00;73;62;82;119;92;112;98;87;116;76;99;91;84;94;46;82;86;64;59;45;;100;;51;;50;78;99;73;76;86;83;67;93;69;74;77;45;67;71;74;73;40;92;85
11/02/2017;15:00;80;63;88;137;100;129;108;98;121;77;102;88;84;99;46;85;93;64;59;43;;107;;52;;50;91;123;73;75;84;82;67;92;66;73;77;45;67;69;73;72;40;99;91
11/02/2017;16:00;89;75;95;146;97;138;109;105;113;79;102;75;83;99;46;85;94;61;59;44;;99;;53;;50;95;132;72;74;83;81;66;91;63;73;77;45;67;68;74;71;40;93;54
11/02/2017;17:00;101;77;97;135;84;137;106;104;97;79;101;76;83;95;46;84;86;57;59;43;;84;;54;;51;94;126;72;74;82;80;66;90;61;81;77;45;67;67;74;70;41;79;54
11/02/2017;18:00;116;88;101;111;68;131;109;98;78;80;101;77;82;90;46;80;83;58;60;43;;66;;56;;52;92;107;72;72;83;81;65;90;59;83;77;45;66;68;72;71;41;64;55
11/02/2017;19:00;121;92;104;88;59;121;106;85;67;80;102;78;82;78;47;75;86;58;63;43;;53;;57;;53;83;82;72;72;86;81;65;92;56;85;73;45;66;69;70;71;42;81;59
11/02/2017;20:00;118;90;101;84;88;110;101;72;65;79;105;82;83;66;46;77;86;57;64;43;;81;;58;;58;75;80;72;71;85;88;65;95;53;84;72;45;66;69;68;73;42;91;56
11/02/2017;21:00;109;86;95;81;81;97;91;67;65;80;106;83;85;66;46;77;85;87;64;43;;86;;59;;61;65;71;69;70;85;104;68;104;51;82;70;46;65;69;66;74;42;91;56
11/02/2017;22:00;85;71;82;82;89;82;74;66;67;80;97;85;86;67;46;76;82;76;62;43;;88;;58;;64;65;76;70;72;86;106;76;108;50;78;69;47;64;70;65;74;42;93;71
11/02/2017;23:00;67;62;66;73;85;66;58;65;68;79;98;82;86;69;46;76;80;84;56;42;;93;;58;;62;64;74;70;75;88;107;78;109;50;75;68;47;63;71;63;75;43;77;59
11/02/2017;24:00;63;62;54;66;66;54;56;65;70;80;99;82;87;70;47;74;77;82;51;40;;79;;57;;55;61;64;69;71;92;108;81;103;49;72;68;48;64;72;62;77;43;60;59
12/02/2017;01:00;64;62;53;64;63;54;56;64;71;79;96;81;87;71;47;71;74;65;51;40;;61;;57;;49;59;62;69;73;102;121;85;103;52;67;69;49;63;74;63;84;43;59;59
12/02/2017;02:00;64;61;52;63;61;54;55;64;72;78;96;81;87;71;46;70;71;65;50;42;;53;;57;;45;58;61;74;77;106;126;86;101;54;65;71;49;63;75;63;92;42;57;59
12/02/2017;03:00;66;62;52;61;58;54;56;64;72;78;96;82;87;72;46;68;69;64;50;40;;52;;56;;45;57;60;79;77;105;125;86;99;54;61;78;56;73;75;72;94;43;58;58
12/02/2017;04:00;67;63;53;60;58;53;56;64;71;78;96;81;88;71;46;67;68;65;49;40;;51;;57;;43;56;59;75;77;102;122;86;98;55;61;78;64;79;75;72;93;47;58;57
12/02/2017;05:00;68;64;54;60;58;52;57;64;70;79;97;82;88;69;46;66;68;64;50;38;;51;;58;;44;54;58;73;76;101;121;85;97;57;59;75;67;78;75;68;93;52;57;56
12/02/2017;06:00;69;64;54;59;57;52;58;63;69;78;99;82;89;67;46;66;69;62;51;36;;50;;58;;44;53;58;72;76;102;121;85;97;61;54;74;68;75;73;64;91;54;54;55
12/02/2017;07:00;70;65;55;58;53;51;58;62;69;79;101;82;89;67;46;67;67;61;51;35;;48;;59;;44;53;58;72;75;103;121;85;97;63;50;73;70;74;73;62;89;55;53;53
12/02/2017;08:00;70;65;55;56;52;51;58;62;68;79;102;82;89;66;45;67;64;61;50;33;;48;;60;;44;52;58;72;74;103;121;84;98;64;49;74;67;73;73;61;90;54;52;52
12/02/2017;09:00;70;65;54;55;52;50;58;62;67;78;101;81;88;66;47;67;64;62;49;31;;48;;61;;45;52;57;73;74;103;122;85;97;62;47;78;64;73;73;60;89;54;54;51
12/02/2017;10:00;69;64;55;52;51;50;57;62;67;78;100;82;88;65;47;67;62;62;53;28;;58;;61;;47;51;56;72;75;102;120;87;96;61;42;77;64;74;74;59;87;54;54;51
12/02/2017;11:00;68;64;55;61;63;53;57;63;66;79;102;82;89;64;48;67;62;62;57;27;;67;;62;;50;51;59;73;75;101;125;88;97;60;41;74;65;78;75;58;83;53;60;57
12/02/2017;12:00;68;63;57;64;72;58;57;62;66;81;102;82;90;69;48;63;59;64;65;25;;78;;64;;57;51;71;79;73;100;125;87;95;60;40;76;68;75;74;59;82;54;66;64
12/02/2017;13:00;66;62;60;68;78;60;56;65;67;77;100;80;91;71;50;61;56;72;66;24;;89;;65;;64;49;73;87;71;101;141;89;93;60;39;80;69;76;74;59;82;56;68;72
12/02/2017;14:00;66;61;56;62;74;54;55;65;67;77;101;79;86;72;52;60;54;79;59;24;;88;;69;;66;46;71;92;78;117;164;101;103;62;39;82;70;81;75;64;96;57;61;70
12/02/2017;15:00;63;61;49;50;62;49;54;65;65;76;100;79;85;73;53;58;49;75;49;25;;77;;72;;62;47;62;101;83;124;173;108;112;64;38;89;76;90;76;67;100;61;52;61
12/02/2017;16:00;59;59;48;50;52;47;53;63;61;75;98;78;83;65;54;59;44;66;49;24;;62;;72;;53;48;55;104;97;127;176;112;121;66;36;93;81;97;78;67;101;66;48;49
12/02/2017;17:00;55;56;45;50;54;46;51;62;58;72;95;77;79;62;56;58;37;63;49;23;;52;;74;;49;42;53;109;104;147;202;120;137;76;29;96;86;103;80;85;117;80;44;47
12/02/2017;18:00;53;53;44;51;52;43;48;59;57;70;92;76;77;62;58;55;34;61;42;21;;50;;71;;50;42;52;127;104;146;201;121;134;77;29;113;109;129;79;90;118;91;42;45
12/02/2017;19:00;50;50;43;42;45;39;46;56;56;67;88;74;73;61;66;53;31;60;41;19;;47;;68;;59;43;46;125;103;141;199;120;131;76;28;112;120;129;77;91;118;100;42;44
12/02/2017;20:00;47;47;39;36;39;36;43;54;52;62;79;68;69;59;85;52;30;54;41;17;;41;;65;;62;40;40;120;101;138;190;119;123;75;28;110;119;126;74;90;114;100;42;43
12/02/2017;21:00;47;46;37;35;34;33;42;52;50;58;74;65;65;57;97;50;30;47;38;17;;39;;61;;61;38;39;118;98;136;168;113;111;75;26;107;116;123;70;89;111;100;40;40
12/02/2017;22:00;48;45;37;36;32;32;41;51;49;57;70;63;62;55;99;47;30;43;36;16;;35;;56;;62;22;36;117;94;130;161;104;105;74;23;106;115;123;67;88;108;100;39;39
12/02/2017;23:00;48;45;37;34;31;31;41;48;47;55;70;60;60;52;100;46;29;42;34;16;;33;;52;;61;22;36;115;89;122;159;100;99;74;24;104;114;121;64;87;106;100;40;37
12/02/2017;24:00;47;44;37;33;30;30;41;47;43;51;67;58;56;48;102;48;31;41;32;16;;33;;50;;61;22;37;113;83;115;155;95;93;74;24;102;113;119;60;87;101;99;38;35
13/02/2017;01:00;46;43;35;32;29;29;40;47;43;50;67;58;56;47;104;48;32;40;29;16;;32;;47;;58;22;37;111;79;103;140;89;84;72;25;100;112;119;56;84;92;99;45;34
13/02/2017;02:00;45;43;34;38;30;30;39;46;43;50;69;59;56;47;104;46;32;40;28;14;;33;;45;;56;22;38;106;73;96;131;84;78;69;15;96;111;116;53;82;82;99;52;32
13/02/2017;03:00;42;41;34;45;29;28;38;44;42;50;72;58;57;46;105;44;32;40;25;15;;33;;42;;53;22;37;99;71;92;126;82;75;68;15;89;103;105;51;71;77;98;59;30
13/02/2017;04:00;40;39;32;45;28;28;36;44;41;48;73;57;57;45;104;43;31;45;25;14;;32;;40;;55;23;39;96;69;91;125;81;73;65;14;85;95;98;50;67;76;94;63;28
13/02/2017;05:00;38;38;31;47;29;28;35;43;41;48;74;58;56;45;104;42;29;50;26;16;;31;;38;;57;22;41;95;68;89;123;80;72;63;14;83;91;95;48;65;77;89;73;29
13/02/2017;06:00;37;38;30;48;29;29;35;43;39;49;74;58;54;43;104;41;27;53;26;17;;31;;37;;57;21;42;93;66;85;121;78;71;59;14;81;89;91;47;65;78;85;78;29
13/02/2017;07:00;37;37;30;48;28;29;34;42;37;47;70;59;52;41;104;41;26;55;26;19;;31;;34;;56;21;43;92;65;84;120;77;69;56;15;80;87;89;45;64;77;81;81;30
13/02/2017;08:00;37;37;29;49;26;29;33;41;35;48;69;61;52;40;106;40;25;55;26;19;;30;;31;;54;19;43;89;62;82;118;76;69;55;15;77;85;86;43;64;75;78;82;30
13/02/2017;09:00;36;36;29;48;24;28;33;40;35;46;68;61;52;41;105;39;23;54;26;20;;28;;29;;54;21;42;88;61;80;114;75;68;54;16;72;84;83;42;64;72;78;80;29
13/02/2017;10:00;36;35;28;48;26;28;32;39;34;46;67;61;51;41;105;38;25;52;26;20;;29;;29;;54;24;41;86;60;78;114;71;68;54;18;66;83;79;39;66;70;77;79;28
13/02/2017;11:00;36;35;27;47;31;29;32;37;33;45;66;60;49;40;104;37;29;50;26;19;;33;;30;;51;28;41;84;59;75;108;68;66;55;18;64;81;76;35;67;71;76;78;30
13/02/2017;12:00;35;34;31;47;34;32;31;37;37;44;64;60;48;38;102;34;31;48;28;20;;37;;29;;48;32;40;79;58;73;104;65;63;55;18;64;79;75;32;65;71;75;77;34
13/02/2017;13:00;38;34;35;45;37;37;34;39;40;42;65;60;47;38;100;37;34;46;35;20;;40;;28;;45;35;38;71;59;72;88;62;64;57;20;60;78;75;29;65;70;72;75;38
13/02/2017;14:00;42;37;39;42;40;41;36;45;44;41;65;59;46;39;99;39;36;49;41;20;;42;;24;;42;37;42;66;51;56;66;48;53;58;22;59;78;72;30;61;58;70;72;41
13/02/2017;15:00;43;39;41;44;46;42;37;51;47;41;68;59;46;41;100;40;36;56;47;19;;47;;21;;39;38;46;59;46;50;55;41;47;60;21;52;70;66;30;59;54;66;69;45
13/02/2017;16:00;44;40;41;45;48;42;37;54;49;42;73;58;45;43;99;41;37;61;52;19;;51;;23;;42;38;47;58;34;49;54;38;38;63;21;52;68;61;31;58;54;71;68;48
13/02/2017;17:00;42;39;41;43;49;39;36;56;49;44;78;58;46;42;97;41;35;62;54;21;;52;;24;;45;37;45;55;28;30;53;31;23;56;22;50;61;58;32;50;40;63;66;48
13/02/2017;18:00;40;35;39;39;48;36;35;56;48;45;80;57;46;42;95;39;34;60;52;21;;49;;26;;48;36;41;43;30;33;52;31;27;58;22;38;46;39;31;49;39;57;67;46
13/02/2017;19:00;37;32;36;37;41;35;33;54;45;45;83;57;46;40;93;37;34;55;46;21;;43;;28;;48;33;38;46;31;34;50;31;28;59;22;40;41;40;32;49;39;51;67;41
13/02/2017;20:00;35;31;33;37;39;35;30;52;43;49;86;57;47;38;87;33;32;47;40;21;;36;;28;;43;28;39;48;32;35;48;32;30;61;22;42;42;43;33;50;41;53;65;36
13/02/2017;21:00;33;31;32;37;39;35;28;49;41;51;87;56;48;36;88;31;33;38;33;21;;37;;29;;36;27;39;51;33;37;46;33;31;62;22;44;44;46;34;53;45;54;66;32
13/02/2017;22:00;31;30;31;37;40;34;28;41;39;51;87;56;48;34;88;31;34;32;30;21;;37;;31;;31;27;38;51;33;37;45;34;32;62;22;45;45;47;35;54;48;55;67;29
13/02/2017;23:00;30;30;31;40;40;34;28;35;38;53;88;57;49;32;85;32;34;32;30;21;;37;;31;;28;28;38;53;34;39;44;34;33;62;22;46;46;50;36;55;49;56;65;29
13/02/2017;24:00;30;30;30;41;40;35;28;31;37;54;88;57;50;33;86;32;34;33;30;22;;37;;32;;26;29;37;55;34;40;43;35;34;62;24;48;47;51;36;56;49;56;66;29
14/02/2017;01:00;30;30;32;41;40;34;27;31;36;55;88;57;49;34;86;32;35;35;30;21;;37;;33;;25;31;37;56;35;40;42;35;34;61;25;49;47;52;36;56;49;57;56;29
14/02/2017;02:00;31;29;32;37;39;33;28;31;35;54;87;57;48;34;85;34;36;37;30;21;;36;;33;;25;31;37;57;36;40;40;35;35;61;25;50;48;54;37;56;51;57;49;29
14/02/2017;03:00;32;30;31;38;41;35;28;31;34;53;83;57;45;34;85;35;36;34;31;21;;38;;34;;25;31;38;58;36;41;41;36;35;61;26;50;49;56;37;57;54;58;40;30
14/02/2017;04:00;33;31;33;39;42;35;29;31;34;54;83;57;45;34;89;37;37;36;32;21;;39;;34;;25;31;38;58;37;42;42;37;35;60;26;51;50;57;37;58;55;58;35;30
14/02/2017;05:00;33;31;33;40;42;35;29;31;35;54;84;56;45;34;95;38;38;38;32;21;;40;;35;;26;31;39;58;37;42;41;36;35;60;26;52;50;58;38;59;54;59;33;30
14/02/2017;06:00;34;32;34;41;42;34;30;31;37;53;85;57;48;36;101;39;39;39;34;20;;40;;35;;26;32;39;58;38;42;42;37;35;59;27;52;51;59;38;58;53;60;34;30
14/02/2017;07:00;35;32;35;45;44;36;31;32;38;54;90;56;51;37;104;43;42;40;34;20;;41;;38;;26;32;39;59;37;43;41;37;35;59;28;51;52;59;39;58;52;62;35;31
14/02/2017;08:00;35;33;36;49;44;38;32;33;40;54;95;54;54;38;104;43;44;41;35;20;;45;;40;;27;34;41;59;38;43;41;37;34;60;29;52;53;59;39;57;52;63;38;32
14/02/2017;09:00;35;34;37;51;47;39;32;34;40;55;98;54;55;41;100;44;44;42;36;20;;46;;41;;27;34;43;59;37;43;41;37;34;60;29;52;54;59;38;56;52;63;38;34
14/02/2017;10:00;35;34;37;50;50;40;33;34;42;56;101;55;57;42;97;44;44;43;36;20;;48;;41;;28;35;44;60;37;43;41;36;34;59;30;53;55;61;38;57;52;64;38;35
14/02/2017;11:00;34;33;37;50;49;39;32;34;42;57;102;54;58;42;94;44;45;43;36;21;;49;;42;;29;35;43;60;37;43;42;36;35;58;30;53;56;62;38;59;52;65;38;35
14/02/2017;12:00;34;32;36;50;49;38;31;34;41;57;102;53;58;41;90;43;40;45;36;21;;47;;43;;30;32;42;60;38;44;43;36;37;57;28;53;58;63;37;61;52;66;39;36
14/02/2017;13:00;32;31;33;49;49;36;30;33;42;57;102;52;59;40;87;42;38;45;36;20;;47;;42;;30;32;41;61;39;45;44;37;38;56;28;54;60;63;37;63;53;68;39;36
14/02/2017;14:00;32;29;31;47;50;35;29;32;42;56;101;51;58;39;84;41;37;45;34;20;;47;;42;;30;31;39;62;41;47;45;37;39;54;27;55;62;62;37;64;54;69;39;36
14/02/2017;15:00;31;28;30;45;46;32;29;31;41;55;98;50;57;39;81;41;37;44;33;20;;44;;42;;30;30;36;63;41;47;47;37;38;51;26;56;66;64;43;68;54;70;37;35
14/02/2017;16:00;31;28;29;43;44;30;28;30;39;54;95;48;56;38;81;42;37;41;32;20;;40;;39;;30;30;33;62;41;48;47;37;;49;27;56;69;64;51;70;54;62;36;34
14/02/2017;17:00;31;27;28;41;42;30;28;30;38;53;92;48;55;37;78;42;36;39;32;21;;39;;41;;29;29;32;63;41;47;47;37;;47;25;56;72;63;55;66;56;58;35;33
14/02/2017;18:00;30;27;27;40;39;29;28;29;37;51;89;46;54;37;76;42;35;39;32;21;;37;;43;;28;28;32;59;39;45;47;36;;45;24;52;67;61;54;66;59;55;34;33
14/02/2017;19:00;31;27;26;39;34;28;27;28;35;49;85;45;53;36;75;42;34;38;31;21;;36;;44;;28;28;31;56;38;44;45;35;;43;24;49;63;58;54;65;60;53;33;32
14/02/2017;20:00;31;27;26;38;33;28;27;28;34;46;82;44;51;35;74;42;35;36;30;22;;35;;44;;27;28;29;54;37;42;44;34;;42;27;48;61;56;53;63;60;50;33;31
14/02/2017;21:00;32;27;26;38;32;28;28;28;32;43;79;42;49;34;71;42;34;35;30;23;;34;;44;;26;28;29;53;35;41;42;33;;41;28;46;60;54;51;62;58;49;32;30
14/02/2017;22:00;33;27;27;37;31;28;27;28;30;41;78;41;48;33;69;42;34;35;30;23;;33;;44;;26;27;28;51;34;40;40;32;;40;37;44;59;51;50;61;55;48;32;30
14/02/2017;23:00;33;27;27;37;30;28;27;28;29;38;76;40;47;32;68;42;34;34;30;23;;33;;43;;26;27;28;50;34;38;39;31;;40;40;43;58;49;49;60;55;47;32;30
14/02/2017;24:00;33;28;28;36;29;28;27;28;27;37;76;39;46;31;63;41;34;33;30;23;;33;;42;;26;27;28;48;33;37;37;31;;40;41;42;57;48;48;59;55;46;32;30
15/02/2017;01:00;33;28;28;37;29;28;27;28;27;36;76;38;46;31;58;41;34;32;31;24;;34;;41;;26;27;28;47;32;36;36;30;;39;42;41;56;47;48;59;56;46;33;30
15/02/2017;02:00;33;27;28;38;29;29;27;27;26;36;76;37;46;31;54;40;34;32;31;24;;34;;40;;26;27;28;46;31;35;34;29;;38;42;39;55;45;47;58;53;45;33;30
15/02/2017;03:00;33;27;28;38;29;29;27;27;26;36;77;36;46;31;50;40;34;31;31;24;;34;;39;;26;28;29;45;30;34;33;28;;37;42;38;54;43;46;57;51;44;33;30
15/02/2017;04:00;33;27;28;38;29;29;27;27;26;35;77;35;45;31;43;40;35;31;31;25;;34;;39;;26;28;29;44;29;33;33;28;;36;41;37;52;41;46;56;49;43;33;31
15/02/2017;05:00;33;28;27;38;29;30;27;27;25;34;74;34;44;31;35;40;35;31;31;26;;34;;38;;26;28;30;43;29;33;34;28;--;35;41;37;51;41;45;56;49;43;33;31
15/02/2017;06:00;33;28;27;37;30;31;27;28;24;34;71;33;43;30;28;40;36;30;30;26;;34;;37;;26;29;30;43;29;33;33;27;;35;40;37;50;40;45;56;48;42;33;31
15/02/2017;07:00;34;28;27;34;28;30;27;28;23;33;68;32;40;30;21;37;34;29;30;28;;33;;37;;27;28;31;43;28;32;33;27;;34;38;37;50;40;44;59;47;42;31;31
15/02/2017;08:00;35;28;26;32;30;30;27;27;22;32;63;31;37;29;17;37;34;29;31;33;;31;;36;;27;28;31;44;29;33;34;27;;32;38;37;50;40;44;59;48;41;30;31
15/02/2017;09:00;36;29;27;32;28;30;28;27;21;31;61;31;35;28;16;38;35;30;31;36;;31;;34;;28;29;30;43;30;33;34;27;;32;38;37;49;40;44;59;50;41;30;31
15/02/2017;10:00;36;29;28;33;29;30;28;27;21;31;58;30;33;27;16;39;37;31;30;37;;30;;33;;28;29;31;43;29;32;33;27;;32;41;36;48;39;43;56;50;41;32;31
15/02/2017;11:00;36;31;28;34;32;31;29;27;25;29;56;30;31;27;16;39;38;31;31;38;;32;;33;;27;30;32;42;28;31;32;27;;31;46;36;47;39;43;55;50;40;34;33
15/02/2017;12:00;37;32;30;34;32;31;30;29;28;29;57;31;31;30;17;40;40;30;32;39;;33;;33;;28;31;34;41;27;31;31;26;;30;47;35;45;39;43;54;50;40;35;33
15/02/2017;13:00;37;33;31;35;35;33;31;30;32;31;56;33;31;32;17;40;42;33;33;40;;36;;34;;31;31;36;41;25;30;30;25;;30;48;35;43;38;42;56;50;39;36;34
15/02/2017;14:00;38;34;32;35;39;34;33;33;35;31;55;36;32;34;17;39;42;37;37;40;;40;;34;;34;31;37;40;24;28;28;24;;29;48;33;41;37;41;55;48;36;37;39
15/02/2017;15:00;38;34;33;35;45;36;33;36;36;31;54;36;32;34;18;38;;39;42;41;;45;;34;;38;32;40;38;23;27;26;23;;27;49;32;39;34;35;52;47;33;42;45
15/02/2017;16:00;38;34;37;12;51;37;34;35;35;30;53;35;32;33;18;37;;40;46;40;;49;;34;;42;36;41;37;22;26;26;22;;25;50;30;35;33;27;51;47;31;47;51
15/02/2017;17:00;38;35;38;13;53;37;36;34;34;30;53;34;32;32;18;37;;46;53;40;;52;;33;;47;36;50;36;22;27;26;22;;24;52;30;34;32;22;49;44;27;50;56
15/02/2017;18:00;38;35;37;10;53;38;35;34;34;30;54;32;33;32;19;39;;49;57;39;;54;;31;;53;37;48;36;22;27;25;22;;22;55;31;33;31;22;49;41;24;49;56
15/02/2017;19:00;38;35;35;10;48;38;34;34;33;31;55;32;35;32;18;40;;50;56;40;;51;;31;;54;37;44;35;23;28;26;23;;22;55;30;34;32;24;49;39;23;43;52
15/02/2017;20:00;37;34;34;9;43;38;33;32;31;33;57;33;36;30;20;39;;46;51;40;;45;;34;;50;35;43;34;24;29;29;24;;22;54;30;35;31;25;50;36;25;43;44
15/02/2017;21:00;36;34;34;8;44;38;33;31;30;34;59;34;37;30;20;39;;38;41;42;;40;;40;;43;33;42;35;25;30;32;25;;;57;31;37;33;28;52;38;26;43;40
15/02/2017;22:00;36;33;33;9;45;38;33;29;27;34;65;35;37;30;21;38;;35;36;41;;40;;47;;35;33;42;37;26;31;34;26;;;53;33;39;33;31;53;40;28;43;40
15/02/2017;23:00;35;33;32;10;45;38;33;29;26;35;71;2;38;30;21;38;;35;36;43;;40;;51;;32;34;42;39;26;32;34;27;;;54;34;40;35;31;54;41;30;43;39
15/02/2017;24:00;35;33;32;12;45;38;33;29;26;37;72;35;38;31;22;38;;34;36;42;;40;;54;;32;34;42;40;28;33;35;27;;;55;35;42;37;32;56;43;32;43;40
16/02/2017;01:00;36;33;32;15;45;39;33;29;26;39;74;35;38;31;22;38;;34;36;42;;39;;56;;32;32;42;41;28;34;36;28;;;56;37;44;39;32;57;43;34;43;40
16/02/2017;02:00;37;34;32;10;45;39;33;29;26;39;74;36;39;30;23;38;;34;36;43;;39;;58;;32;32;42;44;29;35;37;29;;;58;39;45;41;33;58;44;36;43;39
16/02/2017;03:00;37;34;32;14;45;40;33;29;26;39;74;36;40;30;23;38;;34;36;44;;39;;59;;32;31;42;46;29;36;38;29;35;;59;40;47;43;34;60;45;37;44;39
16/02/2017;04:00;36;34;32;15;44;41;33;29;27;40;72;38;41;33;24;38;;34;35;45;;38;;61;;32;31;42;47;30;37;38;30;36;;60;41;48;44;34;61;47;38;44;39
16/02/2017;05:00;36;34;32;17;43;42;32;29;27;40;72;--;42;34;24;38;;33;35;46;;38;;63;;32;31;41;48;32;38;38;30;37;--;61;42;49;45;35;62;48;40;43;38
16/02/2017;06:00;35;34;31;19;42;42;32;29;27;40;74;--;44;35;25;38;;32;35;46;;37;;64;;32;30;41;50;34;40;39;31;39;;63;44;50;47;35;63;49;42;43;38
16/02/2017;07:00;34;34;31;21;47;42;33;29;28;42;80;--;45;36;25;39;;37;37;46;;39;;64;;34;30;41;51;35;44;43;32;42;;66;47;52;48;36;60;53;44;44;39
16/02/2017;08:00;34;34;31;19;46;42;33;28;28;46;84;--;47;37;25;42;;36;37;43;;38;;66;;32;32;41;53;37;48;48;34;45;;68;50;55;52;37;61;56;45;45;40
16/02/2017;09:00;34;34;31;15;47;42;34;30;29;46;84;--;48;37;26;42;;36;38;42;;38;;68;;32;33;41;54;38;51;51;35;47;;69;51;57;53;39;62;59;46;46;40
16/02/2017;10:00;35;34;31;15;48;43;36;31;29;47;85;--;49;38;28;43;;36;38;42;;39;;70;;38;34;41;55;41;55;58;39;49;;66;52;58;54;40;63;63;45;46;40
16/02/2017;11:00;36;34;44;18;48;44;37;35;40;50;87;--;50;39;29;43;;36;45;41;;40;;71;;43;46;43;56;45;58;62;43;53;;60;53;58;54;43;62;65;44;47;47
16/02/2017;12:00;37;35;53;19;48;61;45;50;50;51;86;--;53;48;29;44;45;49;48;39;;57;;71;;48;52;56;57;46;58;64;46;55;;59;53;58;53;47;63;66;44;53;55
16/02/2017;13:00;42;36;62;17;55;71;53;55;52;49;86;--;56;54;29;45;51;50;53;39;;59;;71;;52;57;59;57;49;59;66;49;57;;60;53;58;54;49;60;66;43;57;61
16/02/2017;14:00;49;38;72;15;65;72;58;65;56;50;86;28;58;57;30;51;68;57;55;39;;67;;71;;56;65;64;58;49;60;68;50;58;;60;52;59;54;51;60;66;45;66;69
16/02/2017;15:00;50;43;81;18;72;80;67;67;54;52;87;29;60;59;30;55;73;62;55;41;;75;;72;;69;69;73;57;50;61;70;52;59;;60;52;59;55;51;60;66;48;75;75
16/02/2017;16:00;49;45;81;18;80;80;66;63;51;54;88;35;61;57;30;57;73;62;69;42;;77;;73;;71;67;80;56;50;61;72;54;60;;60;52;58;55;52;59;64;49;83;81
16/02/2017;17:00;45;44;74;15;85;72;59;57;49;56;89;35;64;53;31;54;69;87;90;43;;83;;74;;79;60;81;55;51;62;73;55;60;;59;51;57;55;54;58;65;49;84;84
16/02/2017;18:00;43;42;62;14;82;62;50;48;48;58;91;35;66;51;31;50;57;83;86;44;;86;;75;;85;49;80;55;55;63;76;57;61;;59;50;56;54;57;55;66;50;80;82
16/02/2017;19:00;44;40;49;14;76;52;44;43;48;60;93;34;66;49;31;50;43;85;90;44;;83;;76;;82;46;74;55;57;66;80;60;61;;58;52;55;54;56;56;69;48;69;74
16/02/2017;20:00;45;41;42;15;64;49;45;40;44;60;94;34;67;46;31;52;36;82;81;44;;77;;77;;75;50;61;58;59;71;81;62;62;;59;55;55;56;57;57;71;47;53;62
16/02/2017;21:00;47;42;40;16;53;49;46;41;37;61;95;34;67;43;32;54;28;65;63;43;;63;;76;;66;52;52;59;62;77;81;63;63;;62;59;54;57;57;59;69;47;50;49
16/02/2017;22:00;48;43;39;26;54;51;47;42;37;64;93;33;69;44;34;57;22;48;46;44;;48;;71;;56;54;46;59;63;80;81;64;64;;63;61;53;60;56;62;71;46;51;45
16/02/2017;23:00;49;45;41;20;56;53;49;43;38;66;92;31;70;45;35;61;22;42;44;43;;46;;70;;48;56;47;59;64;81;82;64;65;;62;62;53;59;57;64;72;45;51;46
16/02/2017;24:00;50;46;43;17;57;55;50;44;39;66;92;29;71;46;36;65;20;43;45;44;;47;;71;;44;57;49;60;65;83;85;64;66;;62;64;52;60;58;66;71;44;52;47
17/02/2017;01:00;51;48;45;20;58;57;52;44;39;65;93;26;71;47;37;66;18;44;46;45;;49;;71;;42;59;51;60;65;85;86;65;66;;62;65;53;59;59;66;71;44;53;47
17/02/2017;02:00;51;49;46;22;60;58;53;45;40;65;95;25;72;47;38;65;19;46;46;45;;50;;72;;41;60;54;59;66;84;86;66;66;64;63;65;53;59;60;67;71;43;53;48
17/02/2017;03:00;52;50;48;71;61;58;54;45;40;66;95;22;72;48;39;65;19;47;47;45;;51;;72;;41;61;56;59;67;84;88;66;66;63;64;65;53;59;61;66;72;43;54;49
17/02/2017;04:00;53;51;49;70;63;58;55;45;41;65;98;20;72;45;39;65;18;48;48;45;;53;;72;;42;63;57;60;67;84;91;67;66;62;64;67;53;58;61;66;72;43;55;50
17/02/2017;05:00;54;52;50;69;64;57;56;46;41;68;100;14;72;45;40;67;74;49;49;45;;54;;72;;43;64;58;62;67;84;93;68;66;62;62;68;53;58;62;66;73;42;56;51
17/02/2017;06:00;55;53;51;69;65;57;57;46;41;71;98;14;71;45;41;68;74;51;50;44;;55;;71;;43;65;60;63;66;83;96;69;65;64;63;68;52;57;63;66;74;42;57;51
17/02/2017;07:00;56;54;52;70;63;59;58;47;42;72;96;55;76;45;43;71;76;49;50;50;;55;;75;;45;66;59;65;67;82;102;71;64;65;68;68;52;59;65;67;74;41;60;51
17/02/2017;08:00;57;56;54;71;67;58;59;48;43;72;96;56;79;46;44;72;80;51;50;52;;57;;76;;46;67;62;66;68;84;105;73;63;68;69;70;50;60;68;68;77;41;62;52
17/02/2017;09:00;57;57;52;72;68;57;59;47;43;73;95;57;79;47;45;72;82;52;51;52;;58;;78;;48;70;64;68;69;86;114;77;63;69;68;71;53;63;69;68;75;41;64;54
17/02/2017;10:00;59;58;51;73;68;57;57;49;44;72;94;58;79;49;45;75;82;53;52;51;;58;;81;;50;73;64;69;71;86;113;78;64;69;71;74;52;68;71;70;72;41;64;61
17/02/2017;11:00;59;59;51;73;68;56;59;49;45;72;96;58;79;49;46;78;83;52;58;51;;61;;83;;54;74;63;69;70;88;115;76;63;70;75;75;51;67;71;74;73;42;65;63
17/02/2017;12:00;59;60;55;74;67;56;59;61;45;74;101;58;77;50;47;79;84;53;65;53;;57;;84;;64;76;64;69;70;92;118;75;64;71;77;78;52;70;69;74;74;42;66;75
17/02/2017;13:00;58;61;61;74;68;62;60;72;47;76;103;60;78;60;48;80;86;55;77;55;;63;;86;;70;76;65;69;68;93;116;73;64;73;77;78;53;69;67;74;77;42;67;64
17/02/2017;14:00;58;61;62;75;72;61;59;73;58;76;104;61;79;56;48;82;87;55;78;55;;66;;88;;72;78;67;68;67;93;113;72;64;73;78;78;52;69;66;73;77;42;71;68
17/02/2017;15:00;58;62;59;73;77;62;60;74;63;76;105;62;81;67;48;81;86;58;74;53;;64;;89;;66;78;69;69;67;93;113;72;64;75;78;78;53;70;66;71;80;41;71;68
17/02/2017;16:00;59;62;54;71;78;63;59;67;62;77;108;63;84;62;49;82;86;61;66;51;;62;;89;;56;77;69;69;70;95;113;73;78;81;78;79;53;70;67;72;88;42;70;65
17/02/2017;17:00;60;62;56;69;81;61;59;58;70;80;111;98;85;54;49;81;86;59;56;50;;61;;88;;47;76;67;71;93;95;114;72;100;83;79;83;58;75;85;74;89;42;68;63
17/02/2017;18:00;62;63;56;67;82;63;60;54;54;78;110;66;84;50;53;80;85;60;53;49;;60;;86;;44;77;67;71;91;95;113;72;99;81;79;84;59;76;82;73;91;42;67;61
17/02/2017;19:00;62;63;56;67;84;64;60;55;51;76;109;67;83;49;55;81;83;60;53;49;;61;;88;;45;76;67;70;91;93;;71;98;78;78;83;57;74;82;71;89;41;67;61
17/02/2017;20:00;63;63;55;66;84;62;60;56;50;74;108;67;81;49;53;80;82;59;51;50;;60;;85;;43;72;66;67;88;89;;68;97;77;75;78;56;70;80;69;90;40;68;61
17/02/2017;21:00;63;62;55;66;85;62;59;56;50;74;105;67;80;48;50;78;80;58;51;51;;58;;81;;44;70;65;66;85;85;;66;96;75;68;72;57;67;78;66;91;39;68;60
17/02/2017;22:00;62;61;52;66;86;61;58;55;50;72;101;66;79;48;48;75;79;56;49;51;;57;;80;;43;68;65;65;83;84;;66;96;74;67;70;57;63;77;61;90;38;66;58
17/02/2017;23:00;62;59;50;65;86;60;57;55;50;71;100;66;78;47;46;70;76;55;48;52;;56;;80;;42;66;64;64;83;;;65;95;72;67;68;58;64;75;58;;37;65;58
17/02/2017;24:00;61;59;48;64;20;57;56;55;50;69;100;65;79;47;44;65;73;53;47;52;;56;;78;;40;64;62;63;81;;;64;94;71;66;65;;62;74;55;;37;64;57
18/02/2017;01:00;60;58;47;63;16;56;55;55;50;70;98;65;80;47;43;64;73;53;47;52;;55;;77;;38;62;60;61;80;;;63;93;70;65;63;;62;73;54;;36;64;56
18/02/2017;02:00;59;57;45;62;16;54;54;56;51;71;96;65;79;47;42;65;72;52;46;51;;54;;76;;38;61;57;60;79;;;62;91;68;64;61;;61;71;53;;35;63;56
18/02/2017;03:00;59;56;44;61;21;52;54;56;51;71;94;63;79;47;41;66;69;51;45;51;;53;;76;;38;60;55;58;78;;;61;91;67;63;59;;60;71;52;;33;62;55
18/02/2017;04:00;58;54;44;60;20;52;52;56;51;70;94;62;78;47;40;65;69;50;45;50;;52;;76;;37;60;54;56;78;--;;60;93;66;65;57;--;58;69;51;--;31;62;55
18/02/2017;05:00;57;53;42;60;21;51;52;56;51;68;95;62;79;47;39;69;70;49;44;49;;51;;74;;35;60;52;54;76;--;;60;99;65;74;54;--;57;69;51;--;30;62;54
18/02/2017;06:00;56;52;41;59;22;50;51;56;51;65;97;61;78;47;38;70;70;49;42;49;;51;;74;;34;60;51;52;76;;;59;100;62;84;55;;56;69;50;;28;61;54
18/02/2017;07:00;56;51;41;57;22;49;50;55;51;64;92;61;76;46;36;67;68;48;42;43;;50;;68;;34;59;51;50;73;;;55;104;60;81;56;;53;67;49;;27;58;54
18/02/2017;08:00;57;50;40;56;24;49;49;54;49;61;90;59;71;46;34;66;65;48;42;40;;49;;64;;31;59;49;48;71;;;52;106;57;80;54;;49;65;45;;25;54;53
18/02/2017;09:00;58;51;44;54;23;51;50;53;48;57;91;56;69;45;32;65;63;48;41;38;;49;;60;;32;56;47;47;69;;;46;103;52;80;50;;45;62;42;;24;51;52
18/02/2017;10:00;56;51;46;52;32;51;50;52;46;56;91;54;68;41;31;62;61;46;40;37;;47;;55;;33;52;47;45;65;;;42;101;49;78;46;;40;58;39;;24;50;50
18/02/2017;11:00;56;50;48;51;38;52;48;52;52;55;89;54;66;42;29;59;59;47;39;36;;47;;53;;43;51;47;44;63;;;40;100;47;74;45;;40;56;35;;23;49;48
18/02/2017;12:00;56;49;47;50;42;52;47;54;56;53;84;54;66;51;28;56;57;56;38;35;;52;;51;;49;48;47;44;63;;;39;98;46;73;44;;40;56;33;;22;47;48
18/02/2017;13:00;56;48;47;49;49;47;46;54;64;52;83;53;63;63;27;55;52;61;41;33;;57;;48;;54;46;48;44;62;;;39;98;44;72;45;;40;57;33;;22;46;51
18/02/2017;14:00;56;47;46;48;53;48;46;52;67;52;83;52;60;64;26;52;48;70;44;34;;64;;46;;60;42;53;43;63;;;39;99;43;71;44;;40;57;31;;21;46;54
18/02/2017;15:00;56;46;46;48;55;48;44;53;65;52;82;51;57;65;25;51;48;73;48;34;;65;;44;;62;40;54;42;63;;;38;98;41;71;42;;38;58;30;;21;48;57
18/02/2017;16:00;57;47;46;47;52;44;45;58;62;50;80;50;53;59;24;50;46;68;46;35;;59;;43;;60;39;50;41;61;;;36;84;37;72;41;;37;55;27;;19;47;54
18/02/2017;17:00;56;47;45;47;48;43;45;61;55;48;76;48;51;48;25;49;45;61;44;35;;52;;42;;55;38;44;40;38;;;37;64;37;73;38;;29;39;27;;19;44;49
18/02/2017;18:00;54;47;45;47;42;41;44;61;50;50;78;48;53;42;25;50;44;52;41;36;;44;;42;;48;36;43;42;38;;;38;64;38;72;44;;35;38;27;;19;44;44
18/02/2017;19:00;52;46;44;46;36;41;44;59;47;50;77;47;53;40;25;48;43;43;36;34;;40;;36;;41;35;42;43;37;;;36;64;38;72;44;;41;37;28;;20;42;41
18/02/2017;20:00;51;46;45;45;31;41;43;56;45;52;78;47;55;41;27;47;42;40;34;32;;40;;33;;36;34;42;43;38;;;37;65;37;74;45;;43;37;31;;22;42;39
18/02/2017;21:00;50;45;44;46;29;40;43;52;45;54;79;50;58;42;27;47;42;39;33;30;;40;;30;;36;34;42;44;38;;;38;65;37;73;47;;44;38;32;;23;43;39
18/02/2017;22:00;50;45;46;48;26;40;42;46;48;55;80;51;58;43;27;47;42;39;32;29;;40;;28;;34;35;41;44;39;;;38;67;39;70;47;;46;39;33;38;24;43;38
18/02/2017;23:00;49;45;46;49;23;40;42;46;46;55;78;51;58;44;24;48;43;39;32;28;;39;;26;;33;35;41;44;45;;;41;69;39;67;48;;45;41;35;38;25;43;39
18/02/2017;24:00;50;45;45;46;20;39;42;45;42;55;77;51;57;45;23;48;44;38;32;28;;40;;24;;32;36;40;45;45;;;42;70;39;66;49;;47;42;37;37;26;43;38
19/02/2017;01:00;50;44;45;44;15;39;41;44;41;53;73;50;56;44;24;47;43;38;31;27;;40;;23;;31;36;40;47;45;;;43;70;38;66;51;;49;42;35;36;27;43;38
19/02/2017;02:00;51;45;45;43;12;39;41;43;40;52;73;49;54;43;24;46;43;37;30;27;;39;;21;;31;35;41;49;45;;;43;70;39;67;53;;51;42;34;35;28;43;37
19/02/2017;03:00;50;44;45;42;12;39;41;43;39;51;71;49;53;43;23;44;43;37;30;27;;39;;19;;31;35;40;49;44;;;42;69;39;66;54;;54;42;34;34;30;43;36
19/02/2017;04:00;51;44;43;43;13;40;41;43;39;52;68;51;53;42;23;43;41;37;29;26;;38;;19;;35;34;40;49;43;35;;42;66;39;64;55;;56;42;34;35;32;43;36
19/02/2017;05:00;51;44;43;42;14;38;41;43;39;52;66;52;53;42;24;37;39;37;28;26;;37;;19;;39;33;39;49;43;35;;41;59;39;56;55;32;58;42;34;36;33;42;35
19/02/2017;06:00;51;44;43;40;14;37;40;43;39;52;64;52;53;43;25;35;37;35;28;26;;36;;19;;43;32;38;48;42;36;;41;57;39;44;51;34;58;40;34;36;33;41;34
19/02/2017;07:00;49;43;42;39;16;35;40;43;39;51;65;53;50;42;26;32;35;33;25;25;;34;;19;;45;31;37;47;42;36;;41;51;38;40;47;34;57;40;34;34;34;40;31
19/02/2017;08:00;46;42;41;38;16;34;38;43;40;51;65;54;50;41;26;31;32;31;23;25;;32;;18;;46;29;36;46;42;35;;41;47;36;39;46;35;57;39;35;33;35;41;29
19/02/2017;09:00;44;39;37;37;18;32;36;43;40;52;64;55;52;40;26;31;31;33;22;24;;31;;17;;45;28;35;45;42;34;;41;47;37;37;48;37;57;39;35;35;36;41;27
19/02/2017;10:00;43;37;34;37;20;30;34;42;41;53;64;56;52;40;25;35;30;35;23;24;;30;;17;;46;28;35;46;41;34;;40;46;37;37;49;40;59;39;35;35;37;40;26
19/02/2017;11:00;42;36;32;35;25;29;34;40;41;52;62;56;52;40;24;37;29;38;26;25;;28;;16;;47;27;34;48;40;35;;40;46;37;37;49;42;59;38;34;35;38;40;24
19/02/2017;12:00;41;35;31;35;29;29;33;38;40;52;61;56;50;40;24;36;28;39;30;25;;33;;16;;48;27;32;49;40;35;;39;44;37;36;50;42;60;38;34;36;39;40;29
19/02/2017;13:00;40;34;38;35;34;36;32;35;39;51;60;57;50;40;24;37;28;41;34;24;;39;;17;;46;27;35;50;40;35;;40;43;37;36;51;44;62;38;34;37;40;38;34
19/02/2017;14:00;39;34;41;42;41;43;34;34;39;51;59;57;50;40;27;37;29;41;38;23;;44;;17;;44;30;42;50;40;37;;40;42;37;36;52;46;64;37;36;40;40;41;39
19/02/2017;15:00;39;35;45;46;48;45;37;37;39;51;58;58;49;40;30;38;31;45;41;23;;49;;16;;42;32;49;50;40;37;;40;41;39;35;53;47;64;36;39;42;40;46;45
19/02/2017;16:00;38;36;44;48;52;45;37;37;39;50;56;58;48;40;31;37;31;48;44;23;;55;;17;;47;34;52;51;40;37;;39;40;38;34;51;47;61;36;42;39;41;48;50
19/02/2017;17:00;38;33;40;45;53;42;36;36;38;49;55;56;47;39;32;37;31;49;45;22;;56;;17;;52;35;52;50;40;32;;37;38;38;32;51;42;64;33;43;34;40;49;53
19/02/2017;18:00;38;32;35;39;48;36;34;33;37;47;56;56;46;40;32;37;31;48;44;22;;53;;18;;53;36;47;48;41;33;;36;38;39;33;45;41;57;33;43;34;40;45;51
19/02/2017;19:00;38;32;31;32;40;31;31;32;37;47;56;55;45;40;29;37;32;44;41;25;;47;;19;;50;35;39;49;42;33;;37;38;40;32;45;39;52;33;42;33;40;38;46
19/02/2017;20:00;38;32;29;30;34;31;31;30;36;45;54;53;43;36;27;35;32;41;35;26;;39;;20;;43;31;33;49;41;33;;37;37;40;32;45;38;58;33;41;34;39;36;41
19/02/2017;21:00;37;31;28;31;32;31;30;29;34;43;53;50;41;34;26;34;32;41;29;26;;33;;22;;34;28;29;50;41;33;;37;37;39;32;46;37;57;33;40;34;38;32;36
19/02/2017;22:00;36;30;28;32;31;31;29;29;34;42;51;48;40;34;26;33;32;26;27;25;;32;;24;;28;28;28;50;40;31;;36;36;37;36;46;36;57;32;40;33;38;28;32
19/02/2017;23:00;35;30;28;31;30;33;29;28;33;41;50;48;39;34;28;33;31;26;27;24;;31;;24;;29;28;27;52;34;31;;34;35;35;36;45;36;54;32;37;33;37;27;28
19/02/2017;24:00;34;29;28;32;28;31;29;28;32;40;49;47;38;33;30;35;30;27;27;23;;30;;24;;29;27;26;52;33;31;;35;36;36;35;43;34;52;32;36;33;37;26;28
20/02/2017;01:00;32;29;28;35;25;28;27;28;31;41;50;47;38;33;34;35;30;27;28;22;;29;;25;;29;27;27;52;32;32;;32;38;36;33;40;33;48;33;37;34;36;29;28
20/02/2017;02:00;30;27;27;41;23;27;26;27;31;42;50;46;36;33;39;35;30;26;28;22;;30;;26;;30;27;28;52;33;33;;33;39;36;31;38;31;47;33;37;35;35;33;27
20/02/2017;03:00;30;27;26;41;21;25;26;26;31;41;49;44;36;33;44;35;31;25;29;21;;29;;26;;29;27;30;51;34;31;;33;47;36;30;37;29;44;33;36;36;34;33;26
20/02/2017;04:00;30;27;26;39;19;27;26;27;31;41;47;42;34;32;44;34;31;25;31;21;;30;;26;;30;28;32;50;34;32;;34;53;37;29;38;30;43;34;37;36;33;32;26
20/02/2017;05:00;30;27;26;38;19;27;26;27;30;39;46;41;33;31;45;35;31;26;32;20;;30;;25;;31;27;33;51;35;33;;37;56;37;29;38;30;41;35;37;36;33;31;28
20/02/2017;06:00;30;27;26;37;18;28;26;27;29;39;45;40;32;34;44;35;31;26;33;20;;29;;26;;31;27;33;50;36;34;;40;61;36;28;38;30;41;36;37;36;34;30;29
20/02/2017;07:00;29;27;26;37;14;29;26;28;30;39;46;39;32;34;42;35;30;28;32;19;;30;;27;;30;26;32;50;38;34;;43;69;40;27;37;31;41;38;37;37;33;30;29
20/02/2017;08:00;29;27;25;39;19;29;26;27;30;38;45;37;31;34;41;35;30;29;32;18;;30;;26;;28;25;31;50;41;35;;47;74;42;26;36;30;41;40;36;35;33;29;28
20/02/2017;09:00;28;27;24;29;15;30;25;27;30;38;44;36;30;32;42;35;29;30;33;18;;29;;26;;27;25;31;49;44;35;;50;75;41;25;34;28;40;40;36;36;33;28;27
20/02/2017;10:00;27;26;23;28;--;30;25;27;29;37;44;35;30;32;43;30;29;31;32;18;;27;;26;;27;24;30;48;45;36;;51;76;41;24;34;27;39;40;36;36;32;29;27
20/02/2017;11:00;26;26;23;28;23;29;24;27;29;36;43;34;29;32;43;28;29;30;30;18;;26;;26;;26;24;31;46;45;37;;51;76;41;24;33;27;39;41;37;36;31;28;27
20/02/2017;12:00;29;26;27;27;24;29;26;29;29;35;42;33;29;32;43;26;28;29;30;18;;30;;25;;31;24;32;45;45;36;;51;76;41;24;32;27;38;41;36;35;30;27;26
20/02/2017;13:00;32;29;31;28;29;29;29;37;32;34;41;31;28;32;42;28;27;30;27;18;;31;;25;;31;26;32;44;44;36;;51;75;41;24;31;26;35;40;35;33;29;27;27
20/02/2017;14:00;34;31;35;29;29;32;31;42;36;34;43;32;28;34;39;29;28;31;28;18;;33;;26;;30;28;34;44;44;34;;51;75;40;25;30;25;33;40;34;30;29;27;27
20/02/2017;15:00;37;35;38;33;30;34;33;44;40;34;43;36;30;37;35;30;29;32;29;18;;34;;26;;29;29;36;44;43;33;;52;75;37;25;30;27;34;40;31;29;29;28;28
20/02/2017;16:00;38;38;42;31;30;35;35;45;45;34;43;40;30;41;33;31;30;33;31;18;;34;;25;;28;30;37;43;43;33;;52;75;35;25;31;26;35;40;28;30;29;28;28
20/02/2017;17:00;41;36;45;31;30;36;36;44;49;34;44;43;30;43;31;31;31;33;32;18;;34;;25;;29;31;36;43;43;33;;53;76;33;25;29;27;34;40;26;30;29;29;29
20/02/2017;18:00;43;34;47;31;30;36;38;43;50;34;43;45;30;46;29;32;31;34;32;17;;34;;25;;30;31;35;42;43;33;;53;76;31;24;27;28;34;40;26;33;29;29;30
20/02/2017;19:00;44;32;49;32;30;34;39;45;50;36;45;46;33;47;30;30;30;34;32;15;;33;;25;;31;31;37;42;48;34;;54;77;32;24;27;29;35;43;25;34;29;27;30
20/02/2017;20:00;44;31;49;33;28;29;37;46;49;36;49;45;35;46;32;24;26;35;30;15;;32;;25;;31;29;39;42;50;38;;55;78;35;25;29;30;28;44;26;37;29;23;30
20/02/2017;21:00;43;33;46;31;29;27;29;43;47;37;48;42;35;45;34;26;24;37;29;15;;31;;26;;32;26;40;43;50;38;;56;78;36;26;32;31;29;45;31;39;29;22;29
20/02/2017;22:00;39;35;42;29;27;29;25;36;45;38;48;39;36;42;34;28;23;36;28;16;;28;;28;;31;24;39;45;50;38;;56;78;37;23;35;31;36;45;33;42;29;21;27
20/02/2017;23:00;34;36;36;29;23;30;22;28;42;38;51;39;37;36;34;29;24;34;25;18;;25;;28;;31;24;32;42;49;37;;55;77;39;24;36;30;40;44;35;45;29;21;24
20/02/2017;24:00;25;33;31;29;19;32;22;28;40;39;54;40;38;37;33;26;25;29;24;18;;20;;30;;31;23;34;41;49;36;;55;76;39;26;38;31;43;43;36;49;29;22;19
21/02/2017;01:00;27;29;27;26;11;30;24;28;34;40;72;44;39;37;30;25;25;22;23;19;;19;;31;;30;23;30;41;48;37;;56;75;39;27;40;31;43;43;37;49;29;19;17
21/02/2017;02:00;28;27;24;24;7;29;24;29;34;46;87;47;42;37;25;25;25;22;22;20;;19;;31;;30;20;29;41;48;37;;55;73;40;29;40;31;45;43;38;49;29;19;17
21/02/2017;03:00;27;25;21;24;7;29;24;29;34;54;99;50;44;38;25;27;25;23;20;20;;19;;31;;29;27;29;42;47;39;19;57;68;39;30;41;31;46;43;38;49;29;20;17
21/02/2017;04:00;27;25;21;24;8;27;24;28;35;55;106;51;48;40;24;27;25;23;19;21;;19;;31;;28;28;27;43;47;37;19;57;65;39;30;40;31;47;42;39;50;29;20;17
21/02/2017;05:00;27;25;21;24;8;29;24;27;35;56;111;52;52;41;24;22;25;22;19;21;;19;;31;;28;29;24;43;46;38;20;56;63;39;31;41;32;47;42;38;50;29;19;19
21/02/2017;06:00;27;25;21;24;9;28;24;27;35;57;113;53;55;42;24;23;27;24;20;22;;19;;31;;27;30;24;44;46;38;21;57;61;39;35;44;32;48;40;38;50;29;19;22
21/02/2017;07:00;27;25;22;25;9;29;24;27;35;59;114;54;59;42;24;22;29;24;22;22;;20;;31;;27;32;25;45;47;41;22;58;56;36;36;44;33;48;38;39;52;29;20;23
21/02/2017;08:00;29;26;23;26;9;31;25;27;37;61;118;57;62;42;25;22;34;25;24;24;;21;;35;;26;33;28;45;47;44;67;58;52;34;38;46;34;48;39;40;56;31;22;24
21/02/2017;09:00;32;28;26;28;20;33;27;27;38;66;123;59;65;44;26;24;35;24;23;25;;22;;37;;26;33;30;46;48;47;67;59;54;35;40;48;36;50;41;41;58;32;24;25
21/02/2017;10:00;34;29;28;29;26;35;30;28;39;69;126;61;69;44;25;27;35;25;34;26;;23;;38;;30;27;33;47;49;49;68;60;53;37;41;49;37;52;42;42;62;32;25;26
21/02/2017;11:00;35;31;31;32;32;37;30;33;40;70;128;63;71;45;26;28;35;32;37;25;;31;;39;;36;33;36;48;49;51;68;61;54;40;41;50;36;52;42;43;65;33;34;37
21/02/2017;12:00;35;32;33;36;35;39;31;34;41;72;129;64;72;45;27;32;36;36;42;25;;36;;39;;39;37;38;49;51;53;73;62;56;44;42;51;37;53;44;46;68;33;38;38
21/02/2017;13:00;36;33;35;37;41;41;32;39;43;73;131;65;73;46;27;35;37;47;48;26;;45;;39;;45;41;41;50;59;55;75;63;57;47;42;52;37;55;45;48;69;34;42;44
21/02/2017;14:00;39;36;37;42;47;42;36;43;44;72;130;64;73;46;27;39;38;51;52;26;;48;;38;;50;43;43;51;61;57;75;63;59;49;42;51;37;56;45;50;70;34;49;51
21/02/2017;15:00;41;38;40;42;50;43;37;43;42;71;131;64;73;46;27;42;39;58;53;27;;51;;38;;57;42;44;53;63;57;75;65;60;52;42;53;38;58;47;53;72;34;49;53
21/02/2017;16:00;42;37;40;41;51;44;37;41;41;71;130;64;74;45;28;44;39;61;53;29;;53;;38;;61;42;45;55;64;64;76;66;60;56;42;55;40;60;48;56;76;34;48;53
21/02/2017;17:00;40;35;39;42;50;45;36;39;41;71;129;63;75;44;28;44;40;59;51;30;;52;;38;;62;42;46;59;65;65;77;65;60;58;43;63;42;64;48;64;77;35;46;53
21/02/2017;18:00;38;33;37;43;46;42;36;36;41;71;127;64;75;44;28;43;40;55;47;30;;47;;38;;60;42;46;60;67;66;77;65;60;60;43;66;50;65;49;67;76;37;41;49
21/02/2017;19:00;37;33;34;44;42;41;34;34;40;68;125;62;73;43;29;40;41;48;44;31;;44;;43;;53;41;44;61;70;65;76;64;59;58;45;68;54;66;47;68;76;41;38;44
21/02/2017;20:00;37;33;34;43;37;41;34;32;40;68;122;60;73;43;29;40;40;42;39;31;;39;;45;;45;38;44;62;72;63;75;63;58;57;48;67;56;68;46;69;78;43;37;40
21/02/2017;21:00;37;33;33;43;33;41;33;29;40;70;125;57;72;42;29;42;40;40;37;31;;34;;47;;39;34;44;60;74;62;74;62;58;56;50;64;58;70;46;66;78;44;36;35
21/02/2017;22:00;36;33;34;43;29;41;33;29;40;72;127;58;72;42;28;43;40;40;37;31;;30;;46;;33;30;43;59;76;62;74;61;57;56;52;61;59;64;45;65;77;46;36;35
21/02/2017;23:00;36;33;33;42;24;40;33;29;39;72;126;57;71;41;28;41;41;40;36;31;;29;;46;;33;30;42;58;78;62;73;61;57;56;58;61;60;62;45;65;76;47;36;34
21/02/2017;24:00;36;33;33;42;20;39;32;30;39;73;126;57;72;41;28;41;40;40;35;31;;28;;46;;32;29;41;58;81;61;73;60;56;55;58;61;60;61;44;64;76;47;36;35
22/02/2017;01:00;35;33;33;42;15;40;32;30;40;73;111;55;74;40;28;41;40;41;35;32;;28;;45;;32;29;43;58;82;59;73;59;56;55;59;60;61;62;44;64;77;48;37;35
22/02/2017;02:00;36;33;33;43;57;42;32;30;40;69;97;53;75;40;29;41;40;41;35;32;;28;;45;;32;29;44;58;84;59;70;59;55;55;60;60;61;59;43;63;79;48;37;36
22/02/2017;03:00;37;34;34;43;56;43;33;30;41;63;89;53;76;38;29;42;41;41;34;32;;27;;45;;32;29;44;57;81;59;65;57;53;55;61;59;61;59;43;64;79;49;37;35
22/02/2017;04:00;38;34;35;43;55;46;33;30;41;64;88;54;74;37;29;41;41;41;34;32;;28;;45;;32;29;45;56;78;58;63;56;50;55;64;59;61;59;43;63;80;49;38;35
22/02/2017;05:00;39;34;35;44;54;100;33;30;41;65;87;54;73;36;29;41;41;40;34;32;;28;;45;;32;29;45;56;76;57;63;54;48;55;67;59;61;59;43;64;80;49;38;34
22/02/2017;06:00;39;35;35;45;53;75;34;30;41;67;89;54;72;35;29;41;39;39;33;32;;28;;45;;32;29;46;56;76;56;60;50;46;54;65;59;61;59;42;63;79;49;39;33
22/02/2017;07:00;39;35;36;46;53;63;35;30;41;67;94;54;71;34;29;40;38;40;35;32;;28;;45;;33;29;46;57;63;54;58;46;46;54;68;62;61;61;42;63;77;49;39;33
22/02/2017;08:00;39;35;36;46;53;62;34;31;40;69;93;53;70;33;28;39;35;40;35;34;;29;;45;;33;30;45;59;51;52;53;43;45;55;69;64;61;65;40;63;76;49;41;34
22/02/2017;09:00;36;34;35;47;53;61;34;32;39;66;90;52;69;32;28;38;37;42;37;36;;30;;45;;34;30;45;59;50;50;52;39;42;54;69;64;62;66;38;65;77;49;41;34
22/02/2017;10:00;35;34;34;47;54;60;32;32;38;64;90;51;69;32;28;37;37;43;35;38;;31;;46;;33;31;44;61;48;48;51;38;42;54;69;64;62;67;37;67;76;49;41;35
22/02/2017;11:00;36;33;32;49;54;59;32;32;38;64;90;50;69;32;27;39;37;42;35;42;;32;;46;;33;31;42;62;46;48;50;37;41;52;69;66;63;70;37;68;74;49;40;35
22/02/2017;12:00;36;33;32;52;55;59;32;32;38;63;90;50;71;33;27;41;38;42;34;42;;36;;47;;39;35;41;62;41;46;45;36;41;50;68;66;64;72;35;69;72;50;40;40
22/02/2017;13:00;37;34;35;56;54;59;32;33;39;63;90;49;73;36;27;40;39;41;46;42;;51;;46;;47;38;48;63;40;45;42;35;40;49;68;66;65;72;34;69;73;50;46;51
22/02/2017;14:00;38;34;36;59;55;61;34;34;41;62;89;49;74;37;32;42;39;46;57;41;;63;;46;;56;38;50;63;40;44;41;35;40;49;68;67;66;71;35;69;72;50;49;56
22/02/2017;15:00;39;34;36;66;61;62;33;35;42;63;89;50;75;38;32;44;39;55;63;41;;65;;48;;64;38;53;63;39;44;40;33;39;48;69;66;67;70;33;67;72;51;57;62
22/02/2017;16:00;39;35;36;67;63;63;33;35;44;63;90;51;76;38;32;45;39;59;71;40;;69;;49;;71;36;52;62;39;39;40;33;39;46;70;64;67;71;34;65;67;52;56;65
22/02/2017;17:00;40;35;36;68;60;63;33;36;45;64;91;52;77;37;33;46;40;60;72;40;;65;;49;;73;34;46;59;39;41;41;34;39;46;70;58;67;69;34;61;69;52;52;61
22/02/2017;18:00;40;35;35;68;61;64;33;35;47;64;91;52;78;36;31;48;40;57;67;40;;55;;50;;69;34;41;60;38;42;42;35;40;46;71;60;62;69;35;62;69;52;46;53
22/02/2017;19:00;40;36;34;69;61;65;34;35;47;66;94;53;79;34;29;47;41;49;57;41;;46;;47;;59;34;40;62;38;42;44;35;40;47;71;61;64;70;35;64;68;51;42;46
22/02/2017;20:00;41;36;33;69;61;65;34;35;46;67;94;53;78;33;29;47;41;41;45;42;;39;;49;;48;33;40;62;38;42;46;35;40;47;70;62;63;71;35;63;65;54;43;39
22/02/2017;21:00;41;36;33;69;61;64;34;36;46;64;95;53;78;33;29;45;41;41;37;44;;38;;50;;39;33;41;64;39;43;48;36;41;48;72;64;65;71;36;63;65;56;43;38
22/02/2017;22:00;41;36;33;70;61;64;34;36;46;62;98;53;77;33;27;45;41;41;37;45;;39;;50;;37;33;41;65;39;43;50;36;41;48;69;65;66;72;36;64;69;57;43;38
22/02/2017;23:00;42;36;33;71;61;65;34;36;46;61;101;54;77;33;26;46;41;40;37;46;;39;;52;;38;33;42;67;39;43;51;36;42;48;65;66;68;73;37;64;69;59;43;38
22/02/2017;24:00;42;36;33;71;61;65;35;37;45;60;105;53;75;33;26;50;41;41;38;47;;39;;52;;39;34;42;68;40;44;52;37;42;49;66;67;69;74;37;64;69;60;43;38
23/02/2017;01:00;43;36;33;72;62;65;35;37;45;63;105;52;73;33;27;54;42;41;38;48;;40;;53;;39;34;42;69;41;45;53;38;42;49;65;67;69;75;38;65;68;62;43;39
23/02/2017;02:00;43;37;33;72;62;65;35;38;44;64;107;51;71;33;27;57;42;41;39;49;;40;;54;;39;34;42;69;41;45;54;38;43;49;64;68;71;76;38;66;68;63;43;39
23/02/2017;03:00;44;37;34;72;62;65;35;38;44;65;107;50;70;33;26;58;42;41;39;50;;40;;55;;40;34;42;70;41;46;56;38;44;49;64;69;74;76;38;67;68;65;43;39
23/02/2017;04:00;44;37;34;72;62;62;36;39;43;66;107;50;70;33;26;58;42;41;39;51;;40;;55;;40;34;42;71;41;46;58;38;45;49;63;69;76;77;39;69;67;66;43;39
23/02/2017;05:00;43;37;34;72;62;58;36;39;43;65;105;50;69;34;26;58;42;40;39;52;;41;;56;;39;34;41;71;41;46;59;39;46;49;59;70;78;77;39;70;67;67;43;39
23/02/2017;06:00;44;37;35;72;62;53;36;39;43;64;103;50;69;34;26;59;43;40;39;54;;41;;57;;40;33;41;71;40;46;60;39;47;49;62;69;80;77;39;71;68;68;44;39
23/02/2017;07:00;44;37;35;73;62;47;36;39;43;63;102;50;70;34;26;58;45;43;40;55;;41;;62;;43;34;41;71;40;48;62;39;46;49;63;67;82;77;39;73;70;70;46;40
23/02/2017;08:00;44;37;34;74;62;46;36;39;43;63;103;49;69;34;27;59;45;41;39;56;;40;;62;;43;34;40;71;40;48;63;39;48;49;65;66;83;76;39;76;71;72;45;41
23/02/2017;09:00;44;37;34;74;63;47;36;39;45;62;102;49;68;34;27;60;44;41;40;56;;41;;64;;43;34;40;71;39;48;62;39;49;51;68;66;83;74;39;75;72;72;45;41
23/02/2017;10:00;45;37;34;74;64;47;36;40;45;62;101;50;67;34;27;61;45;42;40;55;;41;;65;;44;35;40;69;39;49;61;39;49;54;70;65;82;73;39;74;71;73;45;41
23/02/2017;11:00;46;38;35;72;66;47;37;45;46;62;102;50;67;35;28;61;46;42;41;53;;42;;65;;45;36;43;69;40;50;60;40;50;57;73;64;81;72;40;74;72;73;46;42
23/02/2017;12:00;45;39;38;70;66;47;38;46;46;63;103;50;65;37;29;61;47;45;47;54;;52;;66;;49;37;50;70;40;51;60;41;50;68;75;65;81;71;40;73;75;73;47;43
23/02/2017;13:00;45;39;41;67;67;48;38;49;46;63;103;50;65;42;29;61;48;48;55;56;;64;;66;;55;38;64;72;41;51;58;41;51;72;77;66;80;72;41;71;76;73;50;53
23/02/2017;14:00;45;40;46;69;76;49;39;54;45;63;103;51;67;43;30;61;48;56;62;57;;75;;67;;62;41;76;72;41;52;56;41;51;72;78;68;78;72;41;77;77;73;69;68
23/02/2017;15:00;45;41;51;65;86;51;40;62;46;63;104;51;69;43;31;60;49;62;72;58;;89;;66;;70;43;83;72;40;52;53;41;51;72;81;67;77;73;41;79;76;72;77;85
23/02/2017;16:00;46;41;50;72;92;54;40;65;46;63;104;51;69;42;31;60;50;75;83;59;;100;;66;;79;45;90;72;37;50;52;40;50;72;85;67;75;73;40;80;77;72;84;90
23/02/2017;17:00;45;41;47;72;97;51;40;70;46;63;104;51;70;41;32;60;51;79;95;60;;103;;65;;95;47;87;72;37;48;51;39;50;72;95;68;74;72;40;77;73;70;86;95
23/02/2017;18:00;45;40;43;67;88;48;40;70;46;64;105;51;69;40;32;59;52;84;101;60;;98;;65;;99;49;77;70;38;48;50;39;50;74;98;63;74;71;40;74;74;68;76;89
23/02/2017;19:00;45;40;39;68;73;47;40;70;47;64;105;51;71;39;33;59;52;83;98;61;;85;;65;;96;51;65;68;41;51;51;41;50;76;97;61;69;69;42;77;76;67;61;72
23/02/2017;20:00;44;40;37;67;72;47;40;70;48;66;107;51;71;39;36;58;53;71;85;60;;67;;63;;82;51;51;66;41;51;51;41;50;77;96;60;67;68;42;78;78;63;54;54
23/02/2017;21:00;45;40;38;68;73;47;41;71;47;66;110;52;71;39;36;61;54;56;63;60;;53;;61;;61;52;47;66;40;51;51;41;51;79;94;60;65;67;42;81;79;60;54;50
23/02/2017;22:00;45;40;38;68;73;48;41;71;47;69;112;52;72;39;36;63;55;48;47;60;;48;;62;;49;52;47;68;40;51;51;41;51;79;95;60;66;66;42;83;77;59;55;50
23/02/2017;23:00;44;40;38;69;74;48;41;71;48;72;111;51;73;39;37;64;56;49;47;60;;48;;62;;50;53;48;69;40;52;51;42;51;80;95;63;69;65;42;84;76;59;55;50
23/02/2017;24:00;44;41;38;69;74;48;41;70;48;72;108;51;73;39;37;63;56;49;47;59;;48;;64;;51;53;48;69;40;53;51;44;51;81;96;64;70;67;42;86;76;60;55;50
24/02/2017;01:00;44;41;38;69;74;48;42;70;48;68;107;52;74;39;37;60;57;49;48;58;;48;;65;;51;55;48;70;40;53;51;44;50;82;96;65;70;69;43;88;76;60;55;51
24/02/2017;02:00;44;41;38;69;74;48;42;69;48;67;107;53;75;39;38;59;58;49;49;58;;49;;66;;51;56;48;73;41;52;52;44;50;83;98;66;70;70;43;90;74;61;55;51
24/02/2017;03:00;44;41;38;69;75;48;42;69;48;66;106;55;75;39;40;60;59;50;50;58;;50;;66;;52;57;49;73;41;53;51;45;50;84;98;67;68;72;43;91;74;61;55;51
24/02/2017;04:00;45;41;38;70;75;49;42;69;48;64;105;56;75;39;42;63;60;52;52;58;;50;;66;;52;57;50;74;42;54;51;45;49;84;100;68;66;74;43;90;76;62;55;52
24/02/2017;05:00;45;42;38;70;76;49;42;69;48;64;106;57;76;40;42;66;60;53;53;57;;51;;67;;54;58;51;76;42;54;51;45;49;85;101;69;65;75;43;91;76;62;55;52
24/02/2017;06:00;46;42;38;70;77;49;43;69;48;63;105;58;75;40;43;68;59;54;54;56;;52;;66;;55;58;52;77;42;55;52;45;48;86;98;70;65;78;44;93;76;63;55;53
24/02/2017;07:00;47;43;38;68;78;49;43;70;48;63;102;59;72;45;44;70;59;52;51;56;;53;;61;;52;59;52;78;43;53;52;46;47;87;102;71;65;82;45;93;77;63;56;53
24/02/2017;08:00;49;45;40;68;79;50;45;69;49;62;100;58;73;46;45;71;61;55;52;55;;55;;62;;52;60;53;78;43;51;52;46;45;87;103;71;67;85;45;93;77;64;58;54
24/02/2017;09:00;51;47;40;69;80;51;46;71;47;63;102;59;73;45;47;70;61;56;52;57;;55;;61;;52;60;53;79;43;51;51;46;45;87;102;71;68;85;45;94;77;65;59;55
24/02/2017;10:00;52;48;40;71;80;52;48;70;48;64;103;60;74;45;48;70;61;55;52;57;;56;;60;;52;60;54;81;43;51;51;46;46;84;101;72;70;86;45;92;79;65;60;56
24/02/2017;11:00;52;49;39;72;81;54;49;66;47;64;102;60;73;47;49;71;62;55;52;58;;55;;60;;51;59;52;81;42;50;50;45;45;83;99;73;72;87;45;94;80;66;60;56
24/02/2017;12:00;54;50;39;74;80;54;50;68;46;65;102;60;73;47;50;71;62;53;52;56;;54;;64;;51;59;53;81;41;48;48;43;44;72;99;71;74;88;44;96;76;66;60;57
24/02/2017;13:00;56;52;39;75;80;54;51;65;46;65;103;60;72;46;51;72;63;53;52;55;;54;;63;;52;58;54;79;41;47;47;42;44;68;96;71;76;88;44;98;75;68;59;58
24/02/2017;14:00;57;53;39;70;79;54;52;59;46;65;104;59;70;45;51;73;65;53;52;54;;53;;64;;53;57;52;79;42;47;46;43;44;68;94;71;80;88;44;95;74;71;59;57
24/02/2017;15:00;58;54;39;68;79;54;52;56;32;65;104;58;68;44;52;74;66;53;53;53;;53;;64;;56;55;52;81;45;51;48;45;45;68;89;73;84;88;45;96;76;74;57;55
24/02/2017;16:00;60;56;40;67;79;54;54;53;31;64;104;57;66;44;52;74;66;52;53;52;;53;;64;;62;54;53;83;48;53;49;47;46;69;84;79;89;91;47;98;80;76;57;57
24/02/2017;17:00;62;57;41;67;79;56;56;47;29;63;102;55;64;44;53;75;66;52;52;51;;53;;65;;64;52;52;85;47;55;50;48;46;68;74;81;91;95;47;101;84;79;56;55
24/02/2017;18:00;64;60;42;68;80;58;58;47;29;62;101;54;61;44;54;77;65;51;52;50;;55;;66;;59;49;54;87;45;53;50;47;45;65;70;84;91;97;46;105;82;80;56;53
24/02/2017;19:00;66;61;46;69;81;61;60;48;26;59;99;57;59;43;58;77;64;49;52;48;;55;;66;;51;46;56;87;43;51;49;45;44;63;71;84;91;99;45;100;79;78;57;53
24/02/2017;20:00;68;63;47;70;82;62;61;48;25;57;97;56;60;43;59;77;63;51;52;49;;56;;64;;52;45;58;88;42;50;49;45;43;59;71;84;93;99;44;97;77;77;58;55
24/02/2017;21:00;68;64;48;71;82;62;62;48;25;57;90;55;62;44;60;74;62;53;51;49;;58;;64;;52;44;60;88;43;49;48;45;43;57;71;83;93;99;44;93;77;78;59;56
24/02/2017;22:00;68;65;49;72;82;75;62;48;24;54;84;54;62;44;62;72;60;54;49;50;;59;;64;;52;42;62;85;42;49;47;44;43;56;70;80;91;100;43;90;77;77;59;57
24/02/2017;23:00;67;65;49;71;82;65;62;48;25;52;82;54;63;45;62;69;58;55;50;49;;61;;63;;50;40;62;81;42;49;47;43;43;55;71;77;86;99;43;87;79;74;59;57
24/02/2017;24:00;66;63;48;70;81;64;60;48;25;51;83;53;63;45;62;65;56;56;50;48;;61;;61;;47;38;64;80;42;48;46;41;43;53;70;74;84;94;43;84;80;71;57;54
25/02/2017;01:00;65;61;47;71;80;62;59;48;25;50;84;52;64;45;63;63;54;56;50;48;;60;;59;;46;36;64;77;41;47;45;41;43;52;70;73;83;91;42;81;81;69;56;53
25/02/2017;02:00;64;60;45;70;78;61;58;49;25;49;84;50;63;46;64;59;52;54;51;47;;59;;57;;45;34;65;74;41;47;44;41;42;52;69;71;81;88;42;78;81;66;55;51
25/02/2017;03:00;63;59;44;68;77;60;57;50;26;49;85;49;63;46;64;56;50;52;48;47;;57;;55;;43;33;63;73;41;46;44;41;42;51;69;68;80;85;42;77;80;64;54;50
25/02/2017;04:00;62;58;44;67;76;58;56;49;26;50;85;49;63;47;64;51;48;50;48;47;;56;;54;;41;33;61;71;41;46;43;41;42;50;69;67;79;83;42;75;79;62;53;49
25/02/2017;05:00;60;57;43;65;74;56;55;49;26;49;82;47;63;46;63;48;47;49;45;47;;55;;52;;39;32;59;70;40;45;43;40;41;49;71;66;78;82;42;73;80;60;51;48
25/02/2017;06:00;59;55;42;63;72;54;53;49;26;48;79;47;61;47;62;45;46;48;43;46;;54;;51;;37;32;56;67;40;44;42;40;42;48;70;64;77;78;41;71;80;58;50;47
25/02/2017;07:00;57;54;41;62;70;52;52;47;26;46;77;46;59;42;61;41;42;45;41;45;;52;;49;;35;28;54;65;40;44;42;40;42;48;68;62;75;73;40;68;77;56;46;44
25/02/2017;08:00;54;51;39;59;67;50;49;46;25;46;75;47;58;42;59;39;39;42;39;44;;49;;44;;33;26;52;64;40;45;41;40;41;47;71;61;70;69;40;64;77;53;42;41
25/02/2017;09:00;51;48;38;56;64;47;46;43;34;45;73;47;56;42;59;38;38;40;37;41;;47;;41;;32;25;50;61;39;44;41;40;40;46;70;58;67;68;40;62;76;50;39;39
25/02/2017;10:00;48;45;37;52;62;44;45;42;33;43;70;45;55;42;58;36;36;39;34;41;;45;;39;;30;24;49;59;39;45;40;40;39;45;68;56;66;66;40;62;73;49;37;36
25/02/2017;11:00;46;43;36;49;57;42;42;39;34;41;69;45;53;40;55;33;34;37;32;40;;43;;38;;29;24;48;57;39;47;41;40;38;41;68;55;64;64;40;60;70;48;35;34
25/02/2017;12:00;44;41;35;46;55;40;40;34;34;41;66;45;53;39;53;31;31;36;30;43;;42;;32;;27;24;46;57;40;48;41;40;37;39;68;56;63;63;40;56;69;48;32;31
25/02/2017;13:00;41;38;34;43;52;38;38;34;33;41;65;45;51;38;52;30;28;34;28;43;;41;;31;;26;24;45;56;39;51;41;40;37;37;68;56;61;62;39;54;68;47;31;28
25/02/2017;14:00;39;36;32;40;48;36;36;33;32;39;63;46;50;36;51;31;25;33;26;44;;39;;30;;24;25;43;57;37;56;42;38;36;34;69;56;58;63;38;48;67;44;29;26
25/02/2017;15:00;37;33;31;38;45;35;35;28;31;39;61;46;47;35;51;31;23;32;24;44;;37;;30;;22;25;41;57;33;57;41;35;33;31;69;57;55;64;37;44;64;40;28;25
25/02/2017;16:00;35;31;31;36;42;33;33;26;30;39;60;46;46;34;49;31;24;31;24;44;;35;;30;;22;25;39;54;31;59;39;33;31;28;70;53;50;62;35;39;60;40;26;25
25/02/2017;17:00;32;30;30;34;39;31;30;25;29;39;60;47;46;33;50;27;24;30;24;45;;33;;28;;22;25;38;52;30;58;36;31;30;25;69;50;46;58;32;35;56;36;26;25
25/02/2017;18:00;30;27;28;31;36;29;28;24;29;40;59;47;45;33;50;26;25;29;24;45;;30;;26;;22;25;35;50;30;58;35;30;29;24;69;47;43;55;31;29;54;35;25;25
25/02/2017;19:00;27;25;25;29;34;27;26;22;29;40;59;43;44;32;46;25;24;29;24;46;;28;;24;;22;25;33;49;29;59;34;29;28;22;69;46;42;52;29;29;53;35;24;25
25/02/2017;20:00;25;23;22;27;31;95;24;21;28;38;58;43;42;31;46;25;23;25;23;45;;26;;22;;21;24;31;48;28;57;32;28;27;21;67;45;38;50;27;27;50;33;23;24
25/02/2017;21:00;24;21;20;25;29;61;23;21;28;38;58;44;40;31;48;25;21;22;22;43;;24;;20;;19;24;28;46;27;56;31;27;26;20;65;43;36;48;26;26;46;30;23;24
25/02/2017;22:00;24;19;19;23;28;69;22;20;28;39;58;45;39;31;45;24;20;20;21;41;;22;;17;;17;22;26;44;26;56;30;26;26;19;63;42;35;46;26;24;42;29;22;23
25/02/2017;23:00;24;19;18;23;26;164;21;19;28;39;57;45;37;31;41;23;20;18;21;41;;20;;15;;17;20;24;43;26;56;29;26;26;18;61;42;34;45;26;24;37;29;20;22
25/02/2017;24:00;25;20;20;23;27;114;22;19;28;39;55;46;37;31;39;23;20;17;20;41;;19;;14;;17;20;22;42;25;55;29;26;26;18;60;41;32;44;26;24;34;28;18;21
26/02/2017;01:00;25;21;21;23;28;47;23;19;28;39;53;48;35;31;38;24;21;16;20;40;;20;;13;;18;20;21;42;25;55;29;25;26;18;57;40;31;43;25;23;31;27;18;21
26/02/2017;02:00;25;21;22;23;28;47;23;19;29;40;51;49;35;30;36;25;21;16;20;40;;20;;12;;18;22;21;42;25;56;29;25;26;18;56;41;30;43;25;23;31;26;18;20
26/02/2017;03:00;27;22;23;23;28;47;24;18;29;40;50;49;35;30;34;25;21;16;20;40;;20;;11;;19;23;21;41;25;57;30;25;27;18;53;41;30;43;25;22;29;26;18;21
26/02/2017;04:00;29;23;23;24;29;56;24;18;29;40;50;49;35;29;32;26;21;19;21;39;;21;;11;;21;24;22;41;25;58;31;24;27;18;51;40;29;43;24;22;28;25;18;20
26/02/2017;05:00;28;23;23;24;29;69;25;19;28;40;51;50;34;29;31;26;21;21;21;39;;23;;10;;22;24;22;41;24;59;31;24;27;18;46;40;29;43;24;23;27;25;18;20
26/02/2017;06:00;29;23;23;24;29;290;25;19;27;40;53;50;34;29;32;27;22;20;21;38;;22;;10;;22;23;22;41;24;60;32;24;27;18;43;40;28;43;24;22;27;25;18;19
26/02/2017;07:00;30;23;23;25;29;65;26;20;26;40;56;51;35;28;33;28;23;20;21;38;;20;;10;;21;23;22;41;24;60;32;24;26;18;36;40;27;43;24;22;26;24;19;18
26/02/2017;08:00;31;24;25;26;30;649;26;21;26;39;56;51;35;26;33;28;24;18;21;36;;21;;10;;21;23;23;40;23;59;32;23;26;17;28;39;27;43;23;21;24;24;20;18
26/02/2017;09:00;32;26;26;27;30;97;27;22;27;39;56;51;36;26;33;29;25;19;22;34;;22;;10;;20;23;23;40;22;60;31;23;26;17;26;40;25;43;23;20;21;23;21;19
26/02/2017;10:00;33;26;25;27;30;101;28;22;27;39;57;51;36;26;33;31;25;20;22;34;;23;;10;;21;23;23;40;21;58;31;22;25;16;26;40;24;42;23;18;19;22;22;20
26/02/2017;11:00;34;27;25;28;31;102;28;23;27;41;59;52;37;26;33;32;26;20;23;33;;23;;10;;22;24;24;40;21;55;30;22;26;17;26;39;23;42;22;17;19;22;22;22
26/02/2017;12:00;35;28;26;28;31;102;29;25;28;41;60;52;36;26;32;32;26;21;24;31;;24;;10;;23;24;24;39;21;55;30;22;27;18;25;36;21;41;22;18;20;20;23;22
26/02/2017;13:00;36;28;26;29;32;103;30;26;28;40;61;53;37;27;32;31;25;24;25;30;;26;;10;;24;24;24;38;20;51;29;22;26;18;25;36;21;40;22;19;20;20;24;23
26/02/2017;14:00;37;29;26;29;32;103;30;27;28;41;60;53;37;27;31;30;25;27;25;28;;28;;10;;24;24;25;37;18;46;27;21;26;19;25;33;22;38;21;19;20;20;25;23
26/02/2017;15:00;36;29;27;29;32;103;30;28;29;41;61;53;38;28;30;29;25;30;25;28;;29;;10;;24;25;26;34;19;42;26;22;26;19;25;30;22;35;21;20;21;20;26;25
26/02/2017;16:00;37;29;27;29;32;103;30;30;30;41;59;54;38;29;29;29;25;30;25;27;;29;;11;;25;25;26;32;20;38;27;23;27;20;25;28;23;32;22;21;22;21;27;26
26/02/2017;17:00;37;30;27;28;31;104;30;31;31;41;59;54;38;29;28;31;26;30;25;25;;29;;10;;25;25;26;32;21;37;28;24;29;21;24;27;24;32;23;22;25;22;28;27
26/02/2017;18:00;37;30;28;29;32;104;30;32;31;43;61;55;39;30;26;31;27;28;26;24;;29;;10;;25;25;26;32;22;37;29;25;30;23;24;27;26;32;25;22;27;23;28;27
26/02/2017;19:00;37;30;28;29;32;104;30;33;32;43;59;55;40;31;25;29;27;27;27;25;;28;;12;;24;25;24;33;23;35;29;25;30;24;23;28;28;33;27;25;30;25;28;26
26/02/2017;20:00;38;31;29;30;33;103;31;33;32;45;60;57;41;32;24;29;27;25;27;24;;26;;13;;22;26;25;33;25;37;31;27;31;25;22;28;30;34;28;26;34;27;28;24
26/02/2017;21:00;38;32;31;30;33;98;32;33;32;46;60;56;42;32;23;30;28;23;26;24;;26;;14;;21;27;26;34;26;37;32;28;32;26;23;30;31;35;29;28;36;28;28;25
26/02/2017;22:00;38;33;31;31;33;97;32;33;32;45;60;55;42;32;22;31;29;21;27;25;;27;;15;;22;28;27;35;26;38;32;28;33;27;24;31;33;36;29;29;40;29;29;25
26/02/2017;23:00;37;33;32;31;34;90;33;32;31;44;60;54;41;31;21;32;30;22;28;26;;27;;16;;24;28;28;35;25;39;33;28;33;27;24;30;34;36;29;29;41;30;29;25
26/02/2017;24:00;37;32;31;32;34;81;32;32;30;43;58;52;40;30;21;32;30;23;29;26;;27;;17;;23;28;29;36;25;40;33;28;33;27;23;31;36;37;29;29;41;31;31;26
27/02/2017;01:00;37;32;30;32;34;176;32;31;30;42;55;50;39;29;20;32;30;23;29;27;;28;;17;;24;28;29;37;25;41;34;28;33;27;22;31;37;38;30;30;42;32;30;26
27/02/2017;02:00;38;32;29;32;35;107;31;30;29;41;54;50;39;29;20;33;30;24;30;28;;29;;17;;26;28;29;38;27;41;34;29;34;27;21;32;37;39;30;30;42;33;30;27
27/02/2017;03:00;38;31;29;32;35;166;31;29;29;40;53;49;38;29;20;33;31;25;29;28;;29;;18;;26;28;29;38;28;41;35;29;33;27;22;32;37;39;30;30;42;34;30;27
27/02/2017;04:00;38;31;29;32;35;98;31;30;29;40;54;49;38;28;20;34;31;26;30;29;;29;;18;;27;28;29;38;28;41;35;29;33;27;23;32;38;39;31;31;42;34;29;28
27/02/2017;05:00;38;32;29;33;35;95;32;31;29;41;56;50;38;29;20;34;30;25;30;29;;29;;18;;27;27;30;38;28;41;35;29;33;27;25;33;38;39;30;31;43;34;30;28
27/02/2017;06:00;39;33;29;33;35;86;32;32;29;41;57;50;39;29;21;34;30;25;30;31;;29;;17;;26;27;31;37;27;39;35;28;32;27;31;32;39;38;30;31;43;34;30;29
27/02/2017;07:00;39;34;30;34;35;77;33;33;30;42;57;50;39;30;22;35;30;27;31;32;;29;;18;;26;27;33;36;27;39;35;28;31;27;33;32;39;37;29;31;43;34;30;30
27/02/2017;08:00;39;34;31;35;36;61;33;34;31;43;59;51;40;31;21;37;30;28;31;35;;30;;20;;26;27;34;36;28;38;35;28;31;27;35;32;38;36;29;33;45;34;31;30
27/02/2017;09:00;39;34;29;35;36;44;33;34;31;44;62;52;40;32;22;37;30;29;31;36;;30;;22;;26;27;34;36;29;39;35;28;32;28;37;32;40;36;30;34;46;34;31;30
27/02/2017;10:00;39;34;31;35;36;40;33;34;31;45;66;53;40;32;22;38;30;30;31;36;;30;;22;;26;26;34;36;30;39;35;29;32;28;38;32;40;36;30;33;45;34;31;30
27/02/2017;11:00;40;34;31;35;36;41;33;34;31;43;66;53;40;32;22;40;29;29;31;36;;30;;23;;26;26;34;35;30;39;35;28;32;28;38;32;40;35;29;33;45;34;30;29
27/02/2017;12:00;40;33;30;35;35;42;33;34;32;44;66;54;40;32;22;39;30;30;31;36;;30;;25;;26;26;35;35;30;37;34;28;31;27;38;32;40;35;28;32;45;33;30;29
27/02/2017;13:00;39;32;30;34;35;41;32;33;32;44;64;54;40;32;22;40;30;31;29;37;;30;;28;;26;26;34;34;30;36;33;27;31;27;37;30;38;35;28;32;46;33;30;29
27/02/2017;14:00;38;32;29;34;35;41;32;33;32;44;65;55;39;31;22;38;30;30;30;36;;30;;32;;26;26;34;33;30;35;34;27;31;27;37;29;37;34;28;33;48;32;30;29
27/02/2017;15:00;38;32;28;34;35;41;32;33;31;45;66;56;40;31;22;39;29;32;28;36;;30;;31;;27;25;33;33;29;34;34;27;30;27;36;30;37;34;27;33;48;32;29;29
27/02/2017;16:00;38;32;29;34;35;42;32;32;32;46;68;57;41;32;23;38;29;32;28;36;;29;;32;;28;25;33;33;28;33;33;26;29;26;36;29;38;35;26;32;48;32;29;28
27/02/2017;17:00;39;31;29;34;34;41;32;32;32;46;68;57;41;32;24;40;29;31;28;38;;29;;33;;29;25;35;32;27;32;32;25;29;25;36;28;37;35;26;30;48;32;29;28
27/02/2017;18:00;38;31;29;35;34;42;31;32;32;45;68;57;40;32;24;38;29;31;28;41;;29;;37;;28;26;34;31;28;33;32;26;29;25;36;26;36;34;26;30;49;32;29;28
27/02/2017;19:00;39;31;29;35;35;42;31;31;31;45;69;57;40;31;24;40;29;31;28;40;;30;;36;;27;25;34;31;30;33;32;27;29;25;35;28;36;34;24;30;50;31;28;29
27/02/2017;20:00;37;30;29;34;35;40;30;31;30;45;68;57;39;30;24;40;29;31;28;40;;30;;37;;25;25;34;32;30;34;32;27;29;25;35;30;37;35;24;31;51;31;28;29
27/02/2017;21:00;37;30;27;33;34;40;30;32;30;44;69;56;39;30;24;40;29;31;28;40;;29;;37;;24;24;33;31;29;33;31;26;28;25;36;30;38;35;23;30;50;31;28;28
27/02/2017;22:00;37;30;27;33;34;40;30;32;30;45;72;56;40;30;24;38;28;31;28;40;;29;;37;;25;23;33;31;29;34;31;26;28;25;35;29;36;34;23;30;46;31;28;28
27/02/2017;23:00;37;30;26;32;34;60;30;32;30;44;71;57;39;30;24;37;28;31;28;40;;29;;38;;25;24;32;30;29;33;30;25;27;24;34;30;36;33;23;30;45;30;27;28
27/02/2017;24:00;38;31;27;32;34;72;31;32;30;45;72;57;39;30;24;37;28;30;27;40;;29;;38;;24;24;32;29;28;31;30;25;26;24;34;29;34;33;22;29;44;30;26;27
28/02/2017;01:00;37;31;27;32;33;42;31;33;30;45;73;57;40;30;25;38;29;30;28;41;;28;;39;;24;24;32;29;28;30;29;24;25;23;34;29;33;32;22;28;44;29;26;27
28/02/2017;02:00;37;31;27;32;33;65;31;33;30;45;74;56;39;30;24;38;30;30;28;41;;28;;39;;23;25;32;27;29;29;28;24;24;22;36;28;32;31;21;28;43;28;26;27
28/02/2017;03:00;36;31;28;32;33;139;31;33;30;44;74;55;39;30;24;38;30;30;27;41;;28;;40;;23;26;32;27;29;28;26;23;23;22;37;27;32;30;21;27;42;28;27;27
28/02/2017;04:00;34;30;29;33;34;153;31;32;29;43;71;54;38;30;24;38;30;31;27;41;;28;;40;;23;27;33;26;30;27;25;23;23;21;36;27;31;29;20;25;42;28;27;28
28/02/2017;05:00;33;29;28;33;34;242;29;30;29;41;70;52;37;29;24;38;31;31;26;41;;28;;39;;23;27;33;26;30;26;24;23;23;21;36;26;31;29;20;25;41;27;27;28
28/02/2017;06:00;32;28;29;32;34;194;29;29;28;40;69;50;36;28;24;38;31;32;26;41;;28;;39;;23;27;33;26;30;26;23;23;23;20;30;26;30;29;20;25;41;26;27;27
28/02/2017;07:00;31;28;28;32;33;61;29;27;27;39;68;49;36;27;23;37;31;31;26;41;;28;;39;;22;28;32;27;30;26;23;23;23;20;30;25;30;28;20;25;40;26;27;27
28/02/2017;08:00;30;28;32;31;33;57;28;26;26;39;65;49;35;26;23;36;30;31;25;42;;27;;38;;22;28;31;27;30;26;23;23;23;20;30;26;30;29;20;25;39;26;26;27
28/02/2017;09:00;30;27;33;30;32;56;27;25;26;37;61;46;34;25;22;35;29;30;24;47;;27;;38;;22;28;31;27;30;25;23;23;23;19;29;25;30;28;19;24;39;26;26;27
28/02/2017;10:00;29;26;32;29;31;55;26;24;25;37;58;45;33;24;22;34;29;29;24;48;;26;;38;;22;28;30;27;29;24;25;22;23;19;29;24;29;29;19;25;40;26;25;26
28/02/2017;11:00;28;26;33;29;30;54;25;23;23;35;55;43;32;23;22;31;28;31;24;50;;26;;39;;23;28;30;27;27;25;26;22;22;19;28;25;29;29;19;25;40;26;24;26
28/02/2017;12:00;28;26;33;28;30;53;25;23;22;35;56;42;31;23;22;31;28;31;23;51;;25;;38;;24;23;30;27;26;25;27;22;22;19;28;25;30;28;19;25;40;26;23;26
28/02/2017;13:00;29;26;31;28;30;52;25;23;22;35;57;42;32;23;22;32;28;30;24;52;;25;;36;;25;22;29;27;26;25;29;21;22;19;27;28;31;28;19;26;39;25;23;26
28/02/2017;14:00;30;26;31;27;29;51;25;25;23;35;57;41;32;23;22;33;28;31;24;52;;24;;33;;27;23;28;27;26;25;30;22;22;19;27;27;30;27;19;24;37;26;23;26
28/02/2017;15:00;29;26;32;29;28;51;26;26;24;34;59;40;31;24;22;33;29;31;25;53;;26;;34;;27;24;28;26;26;26;30;22;22;20;28;26;28;27;19;24;38;25;25;27
28/02/2017;16:00;29;26;32;29;29;50;25;25;25;33;60;40;31;23;22;34;29;32;25;53;;28;;33;;28;24;29;26;27;27;30;23;22;20;29;29;29;26;19;26;37;25;25;29
28/02/2017;17:00;29;26;31;29;29;50;24;25;26;33;60;40;30;23;20;31;29;31;25;53;;27;;31;;28;24;28;27;28;29;30;24;22;21;30;29;30;25;20;29;37;24;24;27
28/02/2017;18:00;28;26;31;28;29;50;24;24;25;33;62;40;30;23;20;32;29;31;24;52;;26;;27;;26;23;28;27;29;26;30;23;22;20;30;30;29;26;19;30;36;24;23;26
28/02/2017;19:00;28;26;30;29;28;50;25;23;24;34;66;40;31;24;21;31;30;30;24;54;;23;;27;;25;23;28;25;30;26;31;22;22;20;31;26;28;25;18;27;34;24;23;24
28/02/2017;20:00;28;26;30;29;28;50;25;23;23;33;66;39;30;25;21;31;30;28;24;55;;23;;26;;22;24;28;25;30;23;31;21;22;19;31;24;25;24;18;25;30;22;23;25
28/02/2017;21:00;29;27;30;30;29;51;25;24;22;34;66;41;30;25;21;31;31;28;25;56;;23;;25;;19;27;28;25;31;25;31;22;22;19;31;23;23;24;18;25;30;21;23;24
28/02/2017;22:00;30;27;31;29;29;52;26;24;23;34;66;42;31;25;20;33;33;28;25;56;;23;;24;;17;27;28;25;31;25;31;22;23;19;32;23;23;25;19;25;30;21;24;24
28/02/2017;23:00;31;27;32;30;28;51;26;25;24;34;67;43;32;25;20;34;34;28;25;56;;23;;24;;16;26;28;25;30;26;31;23;23;19;32;23;23;25;19;25;31;21;24;23
28/02/2017;24:00;31;27;33;30;29;49;27;25;23;34;66;44;32;25;20;35;35;28;25;57;;24;;23;;16;26;28;26;29;27;30;23;23;19;33;24;23;25;19;25;31;20;24;22